test	suite	result	exit_status	wall_seconds	cycles	log	tohost_exit	campaign
chipyard-cpp-hello	chipyard-generic	PASS	0	70.67		cpp-retry/chipyard-cpp-hello/simulation.log		cpp-retry
chipyard-hello	chipyard-generic	PASS	0	11.036		smoke-run/chipyard-hello/simulation.log		smoke-run
chipyard-mt-hello-dual	chipyard-generic	PASS	0	18.087		smoke-run/chipyard-mt-hello-dual/simulation.log		smoke-run
corrected-legacy-ae_matmul-dual	corrected-mt-supplement	PASS	0	35.493		corrected-run/corrected-legacy-ae_matmul-dual/simulation.log		corrected-run
corrected-legacy-vvadd1-dual	corrected-mt-supplement	PASS	0	84.22		corrected-run/corrected-legacy-vvadd1-dual/simulation.log		corrected-run
corrected-mt-matmul-dual	corrected-mt-supplement	PASS	0	32.627		corrected-run/corrected-mt-matmul-dual/simulation.log		corrected-run
dhrystone	benchmark-configured	PASS	0	148.431		bench-run/dhrystone/simulation.log		bench-run
dual-hart-smoke	dual-hart-smoke	PASS	0	8.977		smoke-run/dual-hart-smoke/simulation.log		smoke-run
legacy-ad_matmul-dual	legacy-mt	WALL_TIMEOUT	0	600.019		bench-run/legacy-ad_matmul-dual/simulation.log		bench-run
legacy-ae_matmul-dual	legacy-mt	PASS	0	18.2		bench-run/legacy-ae_matmul-dual/simulation.log		bench-run
legacy-af_matmul-dual	legacy-mt	FAIL	255	12.936		bench-run/legacy-af_matmul-dual/simulation.log	17	bench-run
legacy-ag_matmul-dual	legacy-mt	PASS	0	16.908		bench-run/legacy-ag_matmul-dual/simulation.log		bench-run
legacy-ai_matmul-dual	legacy-mt	PASS	0	13.234		bench-run/legacy-ai_matmul-dual/simulation.log		bench-run
legacy-ak_matmul-dual	legacy-mt	PASS	0	21.517		bench-run/legacy-ak_matmul-dual/simulation.log		bench-run
legacy-al_matmul-dual	legacy-mt	FAIL	255	66.126		bench-run/legacy-al_matmul-dual/simulation.log	1	bench-run
legacy-am_matmul-dual	legacy-mt	FAIL	255	56.633		bench-run/legacy-am_matmul-dual/simulation.log	1	bench-run
legacy-an_matmul-dual	legacy-mt	PASS	0	26.345		bench-run/legacy-an_matmul-dual/simulation.log		bench-run
legacy-ap_matmul-dual	legacy-mt	PASS	0	18.754		bench-run/legacy-ap_matmul-dual/simulation.log		bench-run
legacy-aq_matmul-dual	legacy-mt	PASS	0	47.963		bench-run/legacy-aq_matmul-dual/simulation.log		bench-run
legacy-ar_matmul-dual	legacy-mt	PASS	0	19.669		bench-run/legacy-ar_matmul-dual/simulation.log		bench-run
legacy-at_matmul-dual	legacy-mt	FAIL	255	62.375		bench-run/legacy-at_matmul-dual/simulation.log	2	bench-run
legacy-av_matmul-dual	legacy-mt	FAIL	255	74.592		bench-run/legacy-av_matmul-dual/simulation.log	1	bench-run
legacy-ay_matmul-dual	legacy-mt	FAIL	255	65.888		bench-run/legacy-ay_matmul-dual/simulation.log	1	bench-run
legacy-az_matmul-dual	legacy-mt	FAIL	255	65.922		bench-run/legacy-az_matmul-dual/simulation.log	1	bench-run
legacy-bb_matmul-dual	legacy-mt	PASS	0	12.377		bench-run/legacy-bb_matmul-dual/simulation.log		bench-run
legacy-bc_matmul-dual	legacy-mt	PASS	0	33.85		bench-run/legacy-bc_matmul-dual/simulation.log		bench-run
legacy-bf_matmul-dual	legacy-mt	FAIL	255	66.471		bench-run/legacy-bf_matmul-dual/simulation.log	1	bench-run
legacy-bh_matmul-dual	legacy-mt	PASS	0	13.782		bench-run/legacy-bh_matmul-dual/simulation.log		bench-run
legacy-bj_matmul-dual	legacy-mt	PASS	0	13.791		bench-run/legacy-bj_matmul-dual/simulation.log		bench-run
legacy-bk_matmul-dual	legacy-mt	FAIL	255	64.861		bench-run/legacy-bk_matmul-dual/simulation.log	1	bench-run
legacy-bm_matmul-dual	legacy-mt	PASS	0	14.043		bench-run/legacy-bm_matmul-dual/simulation.log		bench-run
legacy-bo_matmul-dual	legacy-mt	FAIL	255	81.792		bench-run/legacy-bo_matmul-dual/simulation.log	1337	bench-run
legacy-br_matmul-dual	legacy-mt	FAIL	255	105.127		bench-run/legacy-br_matmul-dual/simulation.log	1	bench-run
legacy-bs_matmul-dual	legacy-mt	PASS	0	30.074		bench-run/legacy-bs_matmul-dual/simulation.log		bench-run
legacy-ce_matmul-dual	legacy-mt	PASS	0	26.999		bench-run/legacy-ce_matmul-dual/simulation.log		bench-run
legacy-cf_matmul-dual	legacy-mt	FAIL	255	437.636		bench-run/legacy-cf_matmul-dual/simulation.log	1	bench-run
legacy-cg_matmul-dual	legacy-mt	PASS	0	16.145		bench-run/legacy-cg_matmul-dual/simulation.log		bench-run
legacy-ci_matmul-dual	legacy-mt	PASS	0	13.386		bench-run/legacy-ci_matmul-dual/simulation.log		bench-run
legacy-ck_matmul-dual	legacy-mt	PASS	0	21.78		bench-run/legacy-ck_matmul-dual/simulation.log		bench-run
legacy-cl_matmul-dual	legacy-mt	FAIL	255	138.451		bench-run/legacy-cl_matmul-dual/simulation.log	1	bench-run
legacy-cm_matmul-dual	legacy-mt	FAIL	255	70.199		bench-run/legacy-cm_matmul-dual/simulation.log	1	bench-run
legacy-cs_matmul-dual	legacy-mt	PASS	0	19.97		bench-run/legacy-cs_matmul-dual/simulation.log		bench-run
legacy-cv_matmul-dual	legacy-mt	FAIL	255	157.601		bench-run/legacy-cv_matmul-dual/simulation.log	1	bench-run
legacy-cy_matmul-dual	legacy-mt	FAIL	255	70.223		bench-run/legacy-cy_matmul-dual/simulation.log	1	bench-run
legacy-dc_matmul-dual	legacy-mt	PASS	0	34.45		bench-run/legacy-dc_matmul-dual/simulation.log		bench-run
legacy-df_matmul-dual	legacy-mt	FAIL	255	115.759		bench-run/legacy-df_matmul-dual/simulation.log	1	bench-run
legacy-dm_matmul-dual	legacy-mt	PASS	0	14.747		bench-run/legacy-dm_matmul-dual/simulation.log		bench-run
legacy-do_matmul-dual	legacy-mt	FAIL	255	95.802		bench-run/legacy-do_matmul-dual/simulation.log	1337	bench-run
legacy-dr_matmul-dual	legacy-mt	FAIL	255	98.907		bench-run/legacy-dr_matmul-dual/simulation.log	1	bench-run
legacy-ds_matmul-dual	legacy-mt	PASS	0	14.193		bench-run/legacy-ds_matmul-dual/simulation.log		bench-run
legacy-du_matmul-dual	legacy-mt	FAIL	255	47.096		bench-run/legacy-du_matmul-dual/simulation.log	1	bench-run
legacy-dv_matmul-dual	legacy-mt	WALL_TIMEOUT	-9	605.011		bench-run/legacy-dv_matmul-dual/simulation.log		bench-run
legacy-vvadd0-dual	legacy-mt	PASS	0	49.457		bench-run/legacy-vvadd0-dual/simulation.log		bench-run
legacy-vvadd1-dual	legacy-mt	PASS	0	52.822		bench-run/legacy-vvadd1-dual/simulation.log		bench-run
legacy-vvadd2-dual	legacy-mt	PASS	0	64.809		bench-run/legacy-vvadd2-dual/simulation.log		bench-run
legacy-vvadd3-dual	legacy-mt	PASS	0	47.578		bench-run/legacy-vvadd3-dual/simulation.log		bench-run
legacy-vvadd4-dual	legacy-mt	PASS	0	66.992		bench-run/legacy-vvadd4-dual/simulation.log		bench-run
median	benchmark-configured	PASS	0	15.559		bench-run/median/simulation.log		bench-run
memcpy	benchmark-extra	PASS	0	37.781		bench-run/memcpy/simulation.log		bench-run
mm	benchmark-configured	PASS	0	216.655		bench-run/mm/simulation.log		bench-run
mt-matmul	benchmark-configured	PASS	0	36.211		bench-run/mt-matmul/simulation.log		bench-run
mt-matmul-dual	benchmark-dual	PASS	0	16.255		bench-run/mt-matmul-dual/simulation.log		bench-run
mt-memcpy	benchmark-extra	PASS	0	123.844		bench-run/mt-memcpy/simulation.log		bench-run
mt-memcpy-dual	benchmark-dual	PASS	0	87.629		bench-run/mt-memcpy-dual/simulation.log		bench-run
mt-vvadd	benchmark-configured	PASS	0	65.071		bench-run/mt-vvadd/simulation.log		bench-run
mt-vvadd-dual	benchmark-dual	PASS	0	66.491		bench-run/mt-vvadd-dual/simulation.log		bench-run
multiply	benchmark-configured	PASS	0	36.928		bench-run/multiply/simulation.log		bench-run
pmp	benchmark-configured	PASS	0	892.308		pmp-retry/pmp/simulation.log		pmp-retry
qsort	benchmark-configured	PASS	0	182.907		bench-run/qsort/simulation.log		bench-run
rsort	benchmark-configured	PASS	0	257.58		bench-run/rsort/simulation.log		bench-run
rv64mi-p-access	isa	PASS	0	1.792		isa-run/rv64mi-p-access/simulation.log		isa-run
rv64mi-p-breakpoint	isa	PASS	0	1.741		isa-run/rv64mi-p-breakpoint/simulation.log		isa-run
rv64mi-p-csr	isa	PASS	0	2.19		isa-run/rv64mi-p-csr/simulation.log		isa-run
rv64mi-p-illegal	isa	PASS	0	2.234		isa-run/rv64mi-p-illegal/simulation.log		isa-run
rv64mi-p-ld-misaligned	isa	PASS	0	2.589		isa-run/rv64mi-p-ld-misaligned/simulation.log		isa-run
rv64mi-p-lh-misaligned	isa	PASS	0	1.629		isa-run/rv64mi-p-lh-misaligned/simulation.log		isa-run
rv64mi-p-lw-misaligned	isa	PASS	0	1.725		isa-run/rv64mi-p-lw-misaligned/simulation.log		isa-run
rv64mi-p-ma_addr	isa	PASS	0	2.791		isa-run/rv64mi-p-ma_addr/simulation.log		isa-run
rv64mi-p-ma_fetch	isa	PASS	0	1.935		isa-run/rv64mi-p-ma_fetch/simulation.log		isa-run
rv64mi-p-mcsr	isa	PASS	0	1.685		isa-run/rv64mi-p-mcsr/simulation.log		isa-run
rv64mi-p-sbreak	isa	PASS	0	1.531		isa-run/rv64mi-p-sbreak/simulation.log		isa-run
rv64mi-p-scall	isa	PASS	0	2.799		isa-run/rv64mi-p-scall/simulation.log		isa-run
rv64mi-p-sd-misaligned	isa	PASS	0	4.944		isa-run/rv64mi-p-sd-misaligned/simulation.log		isa-run
rv64mi-p-sh-misaligned	isa	PASS	0	4.693		isa-run/rv64mi-p-sh-misaligned/simulation.log		isa-run
rv64mi-p-sw-misaligned	isa	PASS	0	5.897		isa-run/rv64mi-p-sw-misaligned/simulation.log		isa-run
rv64mi-p-zicntr	isa	PASS	0	4.255		isa-run/rv64mi-p-zicntr/simulation.log		isa-run
rv64mzicbo-p-zero	isa	FAIL	255	4.238		isa-run/rv64mzicbo-p-zero/simulation.log	668	isa-run
rv64si-p-csr	isa	PASS	0	4.287		isa-run/rv64si-p-csr/simulation.log		isa-run
rv64si-p-dirty	isa	PASS	0	4.792		isa-run/rv64si-p-dirty/simulation.log		isa-run
rv64si-p-icache-alias	isa	PASS	0	4.039		isa-run/rv64si-p-icache-alias/simulation.log		isa-run
rv64si-p-ma_fetch	isa	PASS	0	2.639		isa-run/rv64si-p-ma_fetch/simulation.log		isa-run
rv64si-p-sbreak	isa	PASS	0	2.516		isa-run/rv64si-p-sbreak/simulation.log		isa-run
rv64si-p-scall	isa	PASS	0	3.074		isa-run/rv64si-p-scall/simulation.log		isa-run
rv64si-p-wfi	isa	PASS	0	4.235		isa-run/rv64si-p-wfi/simulation.log		isa-run
rv64ssvnapot-p-napot	isa	PASS	0	4.182		isa-run/rv64ssvnapot-p-napot/simulation.log		isa-run
rv64ua-p-amoadd_d	isa	PASS	0	4.19		isa-run/rv64ua-p-amoadd_d/simulation.log		isa-run
rv64ua-p-amoadd_w	isa	PASS	0	2.857		isa-run/rv64ua-p-amoadd_w/simulation.log		isa-run
rv64ua-p-amoand_d	isa	PASS	0	3.109		isa-run/rv64ua-p-amoand_d/simulation.log		isa-run
rv64ua-p-amoand_w	isa	PASS	0	3.822		isa-run/rv64ua-p-amoand_w/simulation.log		isa-run
rv64ua-p-amomax_d	isa	PASS	0	3.275		isa-run/rv64ua-p-amomax_d/simulation.log		isa-run
rv64ua-p-amomax_w	isa	PASS	0	2.717		isa-run/rv64ua-p-amomax_w/simulation.log		isa-run
rv64ua-p-amomaxu_d	isa	PASS	0	3.308		isa-run/rv64ua-p-amomaxu_d/simulation.log		isa-run
rv64ua-p-amomaxu_w	isa	PASS	0	3.522		isa-run/rv64ua-p-amomaxu_w/simulation.log		isa-run
rv64ua-p-amomin_d	isa	PASS	0	4.025		isa-run/rv64ua-p-amomin_d/simulation.log		isa-run
rv64ua-p-amomin_w	isa	PASS	0	3.372		isa-run/rv64ua-p-amomin_w/simulation.log		isa-run
rv64ua-p-amominu_d	isa	PASS	0	4.032		isa-run/rv64ua-p-amominu_d/simulation.log		isa-run
rv64ua-p-amominu_w	isa	PASS	0	4.032		isa-run/rv64ua-p-amominu_w/simulation.log		isa-run
rv64ua-p-amoor_d	isa	PASS	0	4.024		isa-run/rv64ua-p-amoor_d/simulation.log		isa-run
rv64ua-p-amoor_w	isa	PASS	0	3.618		isa-run/rv64ua-p-amoor_w/simulation.log		isa-run
rv64ua-p-amoswap_d	isa	PASS	0	3.415		isa-run/rv64ua-p-amoswap_d/simulation.log		isa-run
rv64ua-p-amoswap_w	isa	PASS	0	3.528		isa-run/rv64ua-p-amoswap_w/simulation.log		isa-run
rv64ua-p-amoxor_d	isa	PASS	0	3.59		isa-run/rv64ua-p-amoxor_d/simulation.log		isa-run
rv64ua-p-amoxor_w	isa	PASS	0	3.271		isa-run/rv64ua-p-amoxor_w/simulation.log		isa-run
rv64ua-p-lrsc	isa	PASS	0	11.419		isa-run/rv64ua-p-lrsc/simulation.log		isa-run
rv64ua-v-amoadd_d	isa	PASS	0	25.633		isa-run/rv64ua-v-amoadd_d/simulation.log		isa-run
rv64ua-v-amoadd_w	isa	PASS	0	23.717		isa-run/rv64ua-v-amoadd_w/simulation.log		isa-run
rv64ua-v-amoand_d	isa	PASS	0	19.244		isa-run/rv64ua-v-amoand_d/simulation.log		isa-run
rv64ua-v-amoand_w	isa	PASS	0	17.466		isa-run/rv64ua-v-amoand_w/simulation.log		isa-run
rv64ua-v-amomax_d	isa	PASS	0	16.208		isa-run/rv64ua-v-amomax_d/simulation.log		isa-run
rv64ua-v-amomax_w	isa	PASS	0	16.969		isa-run/rv64ua-v-amomax_w/simulation.log		isa-run
rv64ua-v-amomaxu_d	isa	PASS	0	16.142		isa-run/rv64ua-v-amomaxu_d/simulation.log		isa-run
rv64ua-v-amomaxu_w	isa	PASS	0	13.631		isa-run/rv64ua-v-amomaxu_w/simulation.log		isa-run
rv64ua-v-amomin_d	isa	PASS	0	16.141		isa-run/rv64ua-v-amomin_d/simulation.log		isa-run
rv64ua-v-amomin_w	isa	PASS	0	14.386		isa-run/rv64ua-v-amomin_w/simulation.log		isa-run
rv64ua-v-amominu_d	isa	PASS	0	15.645		isa-run/rv64ua-v-amominu_d/simulation.log		isa-run
rv64ua-v-amominu_w	isa	PASS	0	14.25		isa-run/rv64ua-v-amominu_w/simulation.log		isa-run
rv64ua-v-amoor_d	isa	PASS	0	14.038		isa-run/rv64ua-v-amoor_d/simulation.log		isa-run
rv64ua-v-amoor_w	isa	PASS	0	14.199		isa-run/rv64ua-v-amoor_w/simulation.log		isa-run
rv64ua-v-amoswap_d	isa	PASS	0	14.84		isa-run/rv64ua-v-amoswap_d/simulation.log		isa-run
rv64ua-v-amoswap_w	isa	PASS	0	15.835		isa-run/rv64ua-v-amoswap_w/simulation.log		isa-run
rv64ua-v-amoxor_d	isa	PASS	0	16.135		isa-run/rv64ua-v-amoxor_d/simulation.log		isa-run
rv64ua-v-amoxor_w	isa	PASS	0	12.425		isa-run/rv64ua-v-amoxor_w/simulation.log		isa-run
rv64ua-v-lrsc	isa	PASS	0	19.058		isa-run/rv64ua-v-lrsc/simulation.log		isa-run
rv64uc-p-rvc	isa	PASS	0	1.577		isa-run/rv64uc-p-rvc/simulation.log		isa-run
rv64uc-v-rvc	isa	PASS	0	24.493		isa-run/rv64uc-v-rvc/simulation.log		isa-run
rv64ud-p-fadd	isa	PASS	0	1.677		isa-run/rv64ud-p-fadd/simulation.log		isa-run
rv64ud-p-fclass	isa	PASS	0	1.477		isa-run/rv64ud-p-fclass/simulation.log		isa-run
rv64ud-p-fcmp	isa	PASS	0	1.828		isa-run/rv64ud-p-fcmp/simulation.log		isa-run
rv64ud-p-fcvt	isa	PASS	0	1.074		isa-run/rv64ud-p-fcvt/simulation.log		isa-run
rv64ud-p-fcvt_w	isa	PASS	0	2.776		isa-run/rv64ud-p-fcvt_w/simulation.log		isa-run
rv64ud-p-fdiv	isa	PASS	0	1.723		isa-run/rv64ud-p-fdiv/simulation.log		isa-run
rv64ud-p-fmadd	isa	PASS	0	1.828		isa-run/rv64ud-p-fmadd/simulation.log		isa-run
rv64ud-p-fmin	isa	PASS	0	1.978		isa-run/rv64ud-p-fmin/simulation.log		isa-run
rv64ud-p-ldst	isa	PASS	0	1.324		isa-run/rv64ud-p-ldst/simulation.log		isa-run
rv64ud-p-move	isa	PASS	0	3.542		isa-run/rv64ud-p-move/simulation.log		isa-run
rv64ud-p-recoding	isa	PASS	0	1.578		isa-run/rv64ud-p-recoding/simulation.log		isa-run
rv64ud-p-structural	isa	PASS	0	1.681		isa-run/rv64ud-p-structural/simulation.log		isa-run
rv64ud-v-fadd	isa	PASS	0	16.957		isa-run/rv64ud-v-fadd/simulation.log		isa-run
rv64ud-v-fclass	isa	PASS	0	10.118		isa-run/rv64ud-v-fclass/simulation.log		isa-run
rv64ud-v-fcmp	isa	PASS	0	17.912		isa-run/rv64ud-v-fcmp/simulation.log		isa-run
rv64ud-v-fcvt	isa	PASS	0	17.767		isa-run/rv64ud-v-fcvt/simulation.log		isa-run
rv64ud-v-fcvt_w	isa	PASS	0	26.406		isa-run/rv64ud-v-fcvt_w/simulation.log		isa-run
rv64ud-v-fdiv	isa	PASS	0	18.119		isa-run/rv64ud-v-fdiv/simulation.log		isa-run
rv64ud-v-fmadd	isa	PASS	0	17.606		isa-run/rv64ud-v-fmadd/simulation.log		isa-run
rv64ud-v-fmin	isa	PASS	0	19.58		isa-run/rv64ud-v-fmin/simulation.log		isa-run
rv64ud-v-ldst	isa	PASS	0	18.167		isa-run/rv64ud-v-ldst/simulation.log		isa-run
rv64ud-v-move	isa	PASS	0	20.985		isa-run/rv64ud-v-move/simulation.log		isa-run
rv64ud-v-recoding	isa	PASS	0	17.163		isa-run/rv64ud-v-recoding/simulation.log		isa-run
rv64ud-v-structural	isa	PASS	0	10.375		isa-run/rv64ud-v-structural/simulation.log		isa-run
rv64uf-p-fadd	isa	PASS	0	1.779		isa-run/rv64uf-p-fadd/simulation.log		isa-run
rv64uf-p-fclass	isa	PASS	0	1.475		isa-run/rv64uf-p-fclass/simulation.log		isa-run
rv64uf-p-fcmp	isa	PASS	0	1.732		isa-run/rv64uf-p-fcmp/simulation.log		isa-run
rv64uf-p-fcvt	isa	PASS	0	1.274		isa-run/rv64uf-p-fcvt/simulation.log		isa-run
rv64uf-p-fcvt_w	isa	PASS	0	2.429		isa-run/rv64uf-p-fcvt_w/simulation.log		isa-run
rv64uf-p-fdiv	isa	PASS	0	1.526		isa-run/rv64uf-p-fdiv/simulation.log		isa-run
rv64uf-p-fmadd	isa	PASS	0	1.734		isa-run/rv64uf-p-fmadd/simulation.log		isa-run
rv64uf-p-fmin	isa	PASS	0	2.081		isa-run/rv64uf-p-fmin/simulation.log		isa-run
rv64uf-p-ldst	isa	PASS	0	1.176		isa-run/rv64uf-p-ldst/simulation.log		isa-run
rv64uf-p-move	isa	PASS	0	1.575		isa-run/rv64uf-p-move/simulation.log		isa-run
rv64uf-p-recoding	isa	PASS	0	1.273		isa-run/rv64uf-p-recoding/simulation.log		isa-run
rv64uf-v-fadd	isa	PASS	0	17.71		isa-run/rv64uf-v-fadd/simulation.log		isa-run
rv64uf-v-fclass	isa	PASS	0	9.966		isa-run/rv64uf-v-fclass/simulation.log		isa-run
rv64uf-v-fcmp	isa	PASS	0	17.864		isa-run/rv64uf-v-fcmp/simulation.log		isa-run
rv64uf-v-fcvt	isa	PASS	0	17.768		isa-run/rv64uf-v-fcvt/simulation.log		isa-run
rv64uf-v-fcvt_w	isa	PASS	0	30.251		isa-run/rv64uf-v-fcvt_w/simulation.log		isa-run
rv64uf-v-fdiv	isa	PASS	0	19.989		isa-run/rv64uf-v-fdiv/simulation.log		isa-run
rv64uf-v-fmadd	isa	PASS	0	21.699		isa-run/rv64uf-v-fmadd/simulation.log		isa-run
rv64uf-v-fmin	isa	PASS	0	20.846		isa-run/rv64uf-v-fmin/simulation.log		isa-run
rv64uf-v-ldst	isa	PASS	0	18.317		isa-run/rv64uf-v-ldst/simulation.log		isa-run
rv64uf-v-move	isa	PASS	0	11.028		isa-run/rv64uf-v-move/simulation.log		isa-run
rv64uf-v-recoding	isa	PASS	0	17.667		isa-run/rv64uf-v-recoding/simulation.log		isa-run
rv64ui-p-add	isa	PASS	0	1.925		isa-run/rv64ui-p-add/simulation.log		isa-run
rv64ui-p-addi	isa	PASS	0	1.779		isa-run/rv64ui-p-addi/simulation.log		isa-run
rv64ui-p-addiw	isa	PASS	0	1.675		isa-run/rv64ui-p-addiw/simulation.log		isa-run
rv64ui-p-addw	isa	PASS	0	2.032		isa-run/rv64ui-p-addw/simulation.log		isa-run
rv64ui-p-and	isa	PASS	0	2.131		isa-run/rv64ui-p-and/simulation.log		isa-run
rv64ui-p-andi	isa	PASS	0	1.477		isa-run/rv64ui-p-andi/simulation.log		isa-run
rv64ui-p-auipc	isa	PASS	0	1.222		isa-run/rv64ui-p-auipc/simulation.log		isa-run
rv64ui-p-beq	isa	PASS	0	1.675		isa-run/rv64ui-p-beq/simulation.log		isa-run
rv64ui-p-bge	isa	PASS	0	1.93		isa-run/rv64ui-p-bge/simulation.log		isa-run
rv64ui-p-bgeu	isa	PASS	0	2.032		isa-run/rv64ui-p-bgeu/simulation.log		isa-run
rv64ui-p-blt	isa	PASS	0	1.577		isa-run/rv64ui-p-blt/simulation.log		isa-run
rv64ui-p-bltu	isa	PASS	0	1.775		isa-run/rv64ui-p-bltu/simulation.log		isa-run
rv64ui-p-bne	isa	PASS	0	1.778		isa-run/rv64ui-p-bne/simulation.log		isa-run
rv64ui-p-fence_i	isa	PASS	0	1.425		isa-run/rv64ui-p-fence_i/simulation.log		isa-run
rv64ui-p-jal	isa	PASS	0	1.222		isa-run/rv64ui-p-jal/simulation.log		isa-run
rv64ui-p-jalr	isa	PASS	0	1.374		isa-run/rv64ui-p-jalr/simulation.log		isa-run
rv64ui-p-lb	isa	PASS	0	1.526		isa-run/rv64ui-p-lb/simulation.log		isa-run
rv64ui-p-lbu	isa	PASS	0	1.729		isa-run/rv64ui-p-lbu/simulation.log		isa-run
rv64ui-p-ld	isa	PASS	0	2.283		isa-run/rv64ui-p-ld/simulation.log		isa-run
rv64ui-p-lh	isa	PASS	0	1.933		isa-run/rv64ui-p-lh/simulation.log		isa-run
rv64ui-p-lhu	isa	PASS	0	1.834		isa-run/rv64ui-p-lhu/simulation.log		isa-run
rv64ui-p-lui	isa	PASS	0	1.222		isa-run/rv64ui-p-lui/simulation.log		isa-run
rv64ui-p-lw	isa	PASS	0	1.781		isa-run/rv64ui-p-lw/simulation.log		isa-run
rv64ui-p-lwu	isa	PASS	0	2.038		isa-run/rv64ui-p-lwu/simulation.log		isa-run
rv64ui-p-ma_data	isa	FAIL	255	1.275		isa-run/rv64ui-p-ma_data/simulation.log	668	isa-run
rv64ui-p-or	isa	PASS	0	2.186		isa-run/rv64ui-p-or/simulation.log		isa-run
rv64ui-p-ori	isa	PASS	0	1.475		isa-run/rv64ui-p-ori/simulation.log		isa-run
rv64ui-p-sb	isa	PASS	0	1.98		isa-run/rv64ui-p-sb/simulation.log		isa-run
rv64ui-p-sd	isa	PASS	0	2.43		isa-run/rv64ui-p-sd/simulation.log		isa-run
rv64ui-p-sh	isa	PASS	0	2.029		isa-run/rv64ui-p-sh/simulation.log		isa-run
rv64ui-p-simple	isa	PASS	0	1.071		isa-run/rv64ui-p-simple/simulation.log		isa-run
rv64ui-p-sll	isa	PASS	0	2.079		isa-run/rv64ui-p-sll/simulation.log		isa-run
rv64ui-p-slli	isa	PASS	0	1.627		isa-run/rv64ui-p-slli/simulation.log		isa-run
rv64ui-p-slliw	isa	PASS	0	1.576		isa-run/rv64ui-p-slliw/simulation.log		isa-run
rv64ui-p-sllw	isa	PASS	0	2.181		isa-run/rv64ui-p-sllw/simulation.log		isa-run
rv64ui-p-slt	isa	PASS	0	1.979		isa-run/rv64ui-p-slt/simulation.log		isa-run
rv64ui-p-slti	isa	PASS	0	1.478		isa-run/rv64ui-p-slti/simulation.log		isa-run
rv64ui-p-sltiu	isa	PASS	0	1.879		isa-run/rv64ui-p-sltiu/simulation.log		isa-run
rv64ui-p-sltu	isa	PASS	0	2.435		isa-run/rv64ui-p-sltu/simulation.log		isa-run
rv64ui-p-sra	isa	PASS	0	2.284		isa-run/rv64ui-p-sra/simulation.log		isa-run
rv64ui-p-srai	isa	PASS	0	1.829		isa-run/rv64ui-p-srai/simulation.log		isa-run
rv64ui-p-sraiw	isa	PASS	0	2.082		isa-run/rv64ui-p-sraiw/simulation.log		isa-run
rv64ui-p-sraw	isa	PASS	0	2.686		isa-run/rv64ui-p-sraw/simulation.log		isa-run
rv64ui-p-srl	isa	PASS	0	2.536		isa-run/rv64ui-p-srl/simulation.log		isa-run
rv64ui-p-srli	isa	PASS	0	2.03		isa-run/rv64ui-p-srli/simulation.log		isa-run
rv64ui-p-srliw	isa	PASS	0	1.887		isa-run/rv64ui-p-srliw/simulation.log		isa-run
rv64ui-p-srlw	isa	PASS	0	2.634		isa-run/rv64ui-p-srlw/simulation.log		isa-run
rv64ui-p-sub	isa	PASS	0	2.533		isa-run/rv64ui-p-sub/simulation.log		isa-run
rv64ui-p-subw	isa	PASS	0	2.183		isa-run/rv64ui-p-subw/simulation.log		isa-run
rv64ui-p-sw	isa	PASS	0	2.639		isa-run/rv64ui-p-sw/simulation.log		isa-run
rv64ui-p-xor	isa	PASS	0	2.838		isa-run/rv64ui-p-xor/simulation.log		isa-run
rv64ui-p-xori	isa	PASS	0	1.937		isa-run/rv64ui-p-xori/simulation.log		isa-run
rv64ui-v-add	isa	PASS	0	14.107		isa-run/rv64ui-v-add/simulation.log		isa-run
rv64ui-v-addi	isa	PASS	0	12.838		isa-run/rv64ui-v-addi/simulation.log		isa-run
rv64ui-v-addiw	isa	PASS	0	13.146		isa-run/rv64ui-v-addiw/simulation.log		isa-run
rv64ui-v-addw	isa	PASS	0	13.611		isa-run/rv64ui-v-addw/simulation.log		isa-run
rv64ui-v-and	isa	PASS	0	22.56		isa-run/rv64ui-v-and/simulation.log		isa-run
rv64ui-v-andi	isa	PASS	0	12.601		isa-run/rv64ui-v-andi/simulation.log		isa-run
rv64ui-v-auipc	isa	PASS	0	13.252		isa-run/rv64ui-v-auipc/simulation.log		isa-run
rv64ui-v-beq	isa	PASS	0	13.196		isa-run/rv64ui-v-beq/simulation.log		isa-run
rv64ui-v-bge	isa	PASS	0	13.806		isa-run/rv64ui-v-bge/simulation.log		isa-run
rv64ui-v-bgeu	isa	PASS	0	13.104		isa-run/rv64ui-v-bgeu/simulation.log		isa-run
rv64ui-v-blt	isa	PASS	0	14.311		isa-run/rv64ui-v-blt/simulation.log		isa-run
rv64ui-v-bltu	isa	PASS	0	14.005		isa-run/rv64ui-v-bltu/simulation.log		isa-run
rv64ui-v-bne	isa	PASS	0	13.153		isa-run/rv64ui-v-bne/simulation.log		isa-run
rv64ui-v-fence_i	isa	PASS	0	22.969		isa-run/rv64ui-v-fence_i/simulation.log		isa-run
rv64ui-v-jal	isa	PASS	0	13.107		isa-run/rv64ui-v-jal/simulation.log		isa-run
rv64ui-v-jalr	isa	PASS	0	12.85		isa-run/rv64ui-v-jalr/simulation.log		isa-run
rv64ui-v-lb	isa	PASS	0	22.163		isa-run/rv64ui-v-lb/simulation.log		isa-run
rv64ui-v-lbu	isa	PASS	0	21.762		isa-run/rv64ui-v-lbu/simulation.log		isa-run
rv64ui-v-ld	isa	PASS	0	23.622		isa-run/rv64ui-v-ld/simulation.log		isa-run
rv64ui-v-lh	isa	PASS	0	19.483		isa-run/rv64ui-v-lh/simulation.log		isa-run
rv64ui-v-lhu	isa	PASS	0	18.376		isa-run/rv64ui-v-lhu/simulation.log		isa-run
rv64ui-v-lui	isa	PASS	0	10.822		isa-run/rv64ui-v-lui/simulation.log		isa-run
rv64ui-v-lw	isa	PASS	0	18.617		isa-run/rv64ui-v-lw/simulation.log		isa-run
rv64ui-v-lwu	isa	PASS	0	17.964		isa-run/rv64ui-v-lwu/simulation.log		isa-run
rv64ui-v-ma_data	isa	WALL_TIMEOUT	0	300.116		isa-run/rv64ui-v-ma_data/simulation.log		isa-run
rv64ui-v-or	isa	PASS	0	18.472		isa-run/rv64ui-v-or/simulation.log		isa-run
rv64ui-v-ori	isa	PASS	0	10.119		isa-run/rv64ui-v-ori/simulation.log		isa-run
rv64ui-v-sb	isa	PASS	0	17.614		isa-run/rv64ui-v-sb/simulation.log		isa-run
rv64ui-v-sd	isa	PASS	0	26.316		isa-run/rv64ui-v-sd/simulation.log		isa-run
rv64ui-v-sh	isa	PASS	0	17.765		isa-run/rv64ui-v-sh/simulation.log		isa-run
rv64ui-v-simple	isa	PASS	0	10.379		isa-run/rv64ui-v-simple/simulation.log		isa-run
rv64ui-v-sll	isa	PASS	0	17.867		isa-run/rv64ui-v-sll/simulation.log		isa-run
rv64ui-v-slli	isa	PASS	0	10.37		isa-run/rv64ui-v-slli/simulation.log		isa-run
rv64ui-v-slliw	isa	PASS	0	10.42		isa-run/rv64ui-v-slliw/simulation.log		isa-run
rv64ui-v-sllw	isa	PASS	0	19.472		isa-run/rv64ui-v-sllw/simulation.log		isa-run
rv64ui-v-slt	isa	PASS	0	14.613		isa-run/rv64ui-v-slt/simulation.log		isa-run
rv64ui-v-slti	isa	PASS	0	14.262		isa-run/rv64ui-v-slti/simulation.log		isa-run
rv64ui-v-sltiu	isa	PASS	0	13.859		isa-run/rv64ui-v-sltiu/simulation.log		isa-run
rv64ui-v-sltu	isa	PASS	0	13.014		isa-run/rv64ui-v-sltu/simulation.log		isa-run
rv64ui-v-sra	isa	PASS	0	25.223		isa-run/rv64ui-v-sra/simulation.log		isa-run
rv64ui-v-srai	isa	PASS	0	12.795		isa-run/rv64ui-v-srai/simulation.log		isa-run
rv64ui-v-sraiw	isa	PASS	0	13.549		isa-run/rv64ui-v-sraiw/simulation.log		isa-run
rv64ui-v-sraw	isa	PASS	0	23.161		isa-run/rv64ui-v-sraw/simulation.log		isa-run
rv64ui-v-srl	isa	PASS	0	19.833		isa-run/rv64ui-v-srl/simulation.log		isa-run
rv64ui-v-srli	isa	PASS	0	10.424		isa-run/rv64ui-v-srli/simulation.log		isa-run
rv64ui-v-srliw	isa	PASS	0	10.726		isa-run/rv64ui-v-srliw/simulation.log		isa-run
rv64ui-v-srlw	isa	PASS	0	19.381		isa-run/rv64ui-v-srlw/simulation.log		isa-run
rv64ui-v-sub	isa	PASS	0	11.334		isa-run/rv64ui-v-sub/simulation.log		isa-run
rv64ui-v-subw	isa	PASS	0	11.337		isa-run/rv64ui-v-subw/simulation.log		isa-run
rv64ui-v-sw	isa	PASS	0	17.818		isa-run/rv64ui-v-sw/simulation.log		isa-run
rv64ui-v-xor	isa	PASS	0	18.621		isa-run/rv64ui-v-xor/simulation.log		isa-run
rv64ui-v-xori	isa	PASS	0	10.479		isa-run/rv64ui-v-xori/simulation.log		isa-run
rv64um-p-div	isa	PASS	0	1.475		isa-run/rv64um-p-div/simulation.log		isa-run
rv64um-p-divu	isa	PASS	0	1.474		isa-run/rv64um-p-divu/simulation.log		isa-run
rv64um-p-divuw	isa	PASS	0	1.376		isa-run/rv64um-p-divuw/simulation.log		isa-run
rv64um-p-divw	isa	PASS	0	1.679		isa-run/rv64um-p-divw/simulation.log		isa-run
rv64um-p-mul	isa	PASS	0	2.03		isa-run/rv64um-p-mul/simulation.log		isa-run
rv64um-p-mulh	isa	PASS	0	1.975		isa-run/rv64um-p-mulh/simulation.log		isa-run
rv64um-p-mulhsu	isa	PASS	0	1.977		isa-run/rv64um-p-mulhsu/simulation.log		isa-run
rv64um-p-mulhu	isa	PASS	0	2.278		isa-run/rv64um-p-mulhu/simulation.log		isa-run
rv64um-p-mulw	isa	PASS	0	1.981		isa-run/rv64um-p-mulw/simulation.log		isa-run
rv64um-p-rem	isa	PASS	0	1.579		isa-run/rv64um-p-rem/simulation.log		isa-run
rv64um-p-remu	isa	PASS	0	1.579		isa-run/rv64um-p-remu/simulation.log		isa-run
rv64um-p-remuw	isa	PASS	0	1.474		isa-run/rv64um-p-remuw/simulation.log		isa-run
rv64um-p-remw	isa	PASS	0	1.478		isa-run/rv64um-p-remw/simulation.log		isa-run
rv64um-v-div	isa	PASS	0	10.623		isa-run/rv64um-v-div/simulation.log		isa-run
rv64um-v-divu	isa	PASS	0	10.626		isa-run/rv64um-v-divu/simulation.log		isa-run
rv64um-v-divuw	isa	PASS	0	10.371		isa-run/rv64um-v-divuw/simulation.log		isa-run
rv64um-v-divw	isa	PASS	0	10.169		isa-run/rv64um-v-divw/simulation.log		isa-run
rv64um-v-mul	isa	PASS	0	10.827		isa-run/rv64um-v-mul/simulation.log		isa-run
rv64um-v-mulh	isa	PASS	0	10.771		isa-run/rv64um-v-mulh/simulation.log		isa-run
rv64um-v-mulhsu	isa	PASS	0	10.727		isa-run/rv64um-v-mulhsu/simulation.log		isa-run
rv64um-v-mulhu	isa	PASS	0	10.873		isa-run/rv64um-v-mulhu/simulation.log		isa-run
rv64um-v-mulw	isa	PASS	0	11.229		isa-run/rv64um-v-mulw/simulation.log		isa-run
rv64um-v-rem	isa	PASS	0	11.18		isa-run/rv64um-v-rem/simulation.log		isa-run
rv64um-v-remu	isa	PASS	0	10.269		isa-run/rv64um-v-remu/simulation.log		isa-run
rv64um-v-remuw	isa	PASS	0	10.42		isa-run/rv64um-v-remuw/simulation.log		isa-run
rv64um-v-remw	isa	PASS	0	10.276		isa-run/rv64um-v-remw/simulation.log		isa-run
rv64uzba-p-add_uw	isa	PASS	0	1.932		isa-run/rv64uzba-p-add_uw/simulation.log		isa-run
rv64uzba-p-sh1add	isa	PASS	0	1.978		isa-run/rv64uzba-p-sh1add/simulation.log		isa-run
rv64uzba-p-sh1add_uw	isa	PASS	0	1.976		isa-run/rv64uzba-p-sh1add_uw/simulation.log		isa-run
rv64uzba-p-sh2add	isa	PASS	0	2.029		isa-run/rv64uzba-p-sh2add/simulation.log		isa-run
rv64uzba-p-sh2add_uw	isa	PASS	0	2.026		isa-run/rv64uzba-p-sh2add_uw/simulation.log		isa-run
rv64uzba-p-sh3add	isa	PASS	0	2.029		isa-run/rv64uzba-p-sh3add/simulation.log		isa-run
rv64uzba-p-sh3add_uw	isa	PASS	0	1.928		isa-run/rv64uzba-p-sh3add_uw/simulation.log		isa-run
rv64uzba-p-slli_uw	isa	PASS	0	1.625		isa-run/rv64uzba-p-slli_uw/simulation.log		isa-run
rv64uzba-v-add_uw	isa	PASS	0	10.918		isa-run/rv64uzba-v-add_uw/simulation.log		isa-run
rv64uzba-v-sh1add	isa	PASS	0	10.726		isa-run/rv64uzba-v-sh1add/simulation.log		isa-run
rv64uzba-v-sh1add_uw	isa	PASS	0	10.622		isa-run/rv64uzba-v-sh1add_uw/simulation.log		isa-run
rv64uzba-v-sh2add	isa	PASS	0	10.982		isa-run/rv64uzba-v-sh2add/simulation.log		isa-run
rv64uzba-v-sh2add_uw	isa	PASS	0	10.979		isa-run/rv64uzba-v-sh2add_uw/simulation.log		isa-run
rv64uzba-v-sh3add	isa	PASS	0	11.023		isa-run/rv64uzba-v-sh3add/simulation.log		isa-run
rv64uzba-v-sh3add_uw	isa	PASS	0	10.473		isa-run/rv64uzba-v-sh3add_uw/simulation.log		isa-run
rv64uzba-v-slli_uw	isa	PASS	0	10.527		isa-run/rv64uzba-v-slli_uw/simulation.log		isa-run
rv64uzbb-p-andn	isa	PASS	0	2.126		isa-run/rv64uzbb-p-andn/simulation.log		isa-run
rv64uzbb-p-clz	isa	PASS	0	1.575		isa-run/rv64uzbb-p-clz/simulation.log		isa-run
rv64uzbb-p-clzw	isa	PASS	0	1.475		isa-run/rv64uzbb-p-clzw/simulation.log		isa-run
rv64uzbb-p-cpop	isa	PASS	0	1.624		isa-run/rv64uzbb-p-cpop/simulation.log		isa-run
rv64uzbb-p-cpopw	isa	PASS	0	1.475		isa-run/rv64uzbb-p-cpopw/simulation.log		isa-run
rv64uzbb-p-ctz	isa	PASS	0	1.477		isa-run/rv64uzbb-p-ctz/simulation.log		isa-run
rv64uzbb-p-ctzw	isa	PASS	0	1.526		isa-run/rv64uzbb-p-ctzw/simulation.log		isa-run
rv64uzbb-p-max	isa	PASS	0	1.976		isa-run/rv64uzbb-p-max/simulation.log		isa-run
rv64uzbb-p-maxu	isa	PASS	0	1.926		isa-run/rv64uzbb-p-maxu/simulation.log		isa-run
rv64uzbb-p-min	isa	PASS	0	2.03		isa-run/rv64uzbb-p-min/simulation.log		isa-run
rv64uzbb-p-minu	isa	PASS	0	2.232		isa-run/rv64uzbb-p-minu/simulation.log		isa-run
rv64uzbb-p-orc_b	isa	PASS	0	1.829		isa-run/rv64uzbb-p-orc_b/simulation.log		isa-run
rv64uzbb-p-orn	isa	PASS	0	2.432		isa-run/rv64uzbb-p-orn/simulation.log		isa-run
rv64uzbb-p-rev8	isa	PASS	0	1.679		isa-run/rv64uzbb-p-rev8/simulation.log		isa-run
rv64uzbb-p-rol	isa	PASS	0	2.178		isa-run/rv64uzbb-p-rol/simulation.log		isa-run
rv64uzbb-p-rolw	isa	PASS	0	2.491		isa-run/rv64uzbb-p-rolw/simulation.log		isa-run
rv64uzbb-p-ror	isa	PASS	0	2.482		isa-run/rv64uzbb-p-ror/simulation.log		isa-run
rv64uzbb-p-rori	isa	PASS	0	1.731		isa-run/rv64uzbb-p-rori/simulation.log		isa-run
rv64uzbb-p-roriw	isa	PASS	0	1.676		isa-run/rv64uzbb-p-roriw/simulation.log		isa-run
rv64uzbb-p-rorw	isa	PASS	0	1.976		isa-run/rv64uzbb-p-rorw/simulation.log		isa-run
rv64uzbb-p-sext_b	isa	PASS	0	1.525		isa-run/rv64uzbb-p-sext_b/simulation.log		isa-run
rv64uzbb-p-sext_h	isa	PASS	0	1.474		isa-run/rv64uzbb-p-sext_h/simulation.log		isa-run
rv64uzbb-p-xnor	isa	PASS	0	2.232		isa-run/rv64uzbb-p-xnor/simulation.log		isa-run
rv64uzbb-p-zext_h	isa	PASS	0	1.725		isa-run/rv64uzbb-p-zext_h/simulation.log		isa-run
rv64uzbb-v-andn	isa	PASS	0	18.47		isa-run/rv64uzbb-v-andn/simulation.log		isa-run
rv64uzbb-v-clz	isa	PASS	0	10.58		isa-run/rv64uzbb-v-clz/simulation.log		isa-run
rv64uzbb-v-clzw	isa	PASS	0	10.727		isa-run/rv64uzbb-v-clzw/simulation.log		isa-run
rv64uzbb-v-cpop	isa	PASS	0	9.918		isa-run/rv64uzbb-v-cpop/simulation.log		isa-run
rv64uzbb-v-cpopw	isa	PASS	0	10.22		isa-run/rv64uzbb-v-cpopw/simulation.log		isa-run
rv64uzbb-v-ctz	isa	PASS	0	10.369		isa-run/rv64uzbb-v-ctz/simulation.log		isa-run
rv64uzbb-v-ctzw	isa	PASS	0	10.828		isa-run/rv64uzbb-v-ctzw/simulation.log		isa-run
rv64uzbb-v-max	isa	PASS	0	11.58		isa-run/rv64uzbb-v-max/simulation.log		isa-run
rv64uzbb-v-maxu	isa	PASS	0	23.172		isa-run/rv64uzbb-v-maxu/simulation.log		isa-run
rv64uzbb-v-min	isa	PASS	0	13.452		isa-run/rv64uzbb-v-min/simulation.log		isa-run
rv64uzbb-v-minu	isa	PASS	0	13.508		isa-run/rv64uzbb-v-minu/simulation.log		isa-run
rv64uzbb-v-orc_b	isa	PASS	0	13.253		isa-run/rv64uzbb-v-orc_b/simulation.log		isa-run
rv64uzbb-v-orn	isa	PASS	0	22.955		isa-run/rv64uzbb-v-orn/simulation.log		isa-run
rv64uzbb-v-rev8	isa	PASS	0	12.391		isa-run/rv64uzbb-v-rev8/simulation.log		isa-run
rv64uzbb-v-rol	isa	PASS	0	23.354		isa-run/rv64uzbb-v-rol/simulation.log		isa-run
rv64uzbb-v-rolw	isa	PASS	0	23.558		isa-run/rv64uzbb-v-rolw/simulation.log		isa-run
rv64uzbb-v-ror	isa	PASS	0	22.873		isa-run/rv64uzbb-v-ror/simulation.log		isa-run
rv64uzbb-v-rori	isa	PASS	0	12.339		isa-run/rv64uzbb-v-rori/simulation.log		isa-run
rv64uzbb-v-roriw	isa	PASS	0	12.847		isa-run/rv64uzbb-v-roriw/simulation.log		isa-run
rv64uzbb-v-rorw	isa	PASS	0	21.904		isa-run/rv64uzbb-v-rorw/simulation.log		isa-run
rv64uzbb-v-sext_b	isa	PASS	0	13.755		isa-run/rv64uzbb-v-sext_b/simulation.log		isa-run
rv64uzbb-v-sext_h	isa	PASS	0	13.954		isa-run/rv64uzbb-v-sext_h/simulation.log		isa-run
rv64uzbb-v-xnor	isa	PASS	0	22.31		isa-run/rv64uzbb-v-xnor/simulation.log		isa-run
rv64uzbb-v-zext_h	isa	PASS	0	12.089		isa-run/rv64uzbb-v-zext_h/simulation.log		isa-run
rv64uzbc-p-clmul	isa	FAIL	255	1.428		isa-run/rv64uzbc-p-clmul/simulation.log	668	isa-run
rv64uzbc-p-clmulh	isa	FAIL	255	1.426		isa-run/rv64uzbc-p-clmulh/simulation.log	668	isa-run
rv64uzbc-p-clmulr	isa	FAIL	255	1.631		isa-run/rv64uzbc-p-clmulr/simulation.log	668	isa-run
rv64uzbc-v-clmul	isa	WALL_TIMEOUT	0	300.068		isa-run/rv64uzbc-v-clmul/simulation.log		isa-run
rv64uzbc-v-clmulh	isa	WALL_TIMEOUT	0	300.012		isa-run/rv64uzbc-v-clmulh/simulation.log		isa-run
rv64uzbc-v-clmulr	isa	WALL_TIMEOUT	0	300.116		isa-run/rv64uzbc-v-clmulr/simulation.log		isa-run
rv64uzbs-p-bclr	isa	PASS	0	2.229		isa-run/rv64uzbs-p-bclr/simulation.log		isa-run
rv64uzbs-p-bclri	isa	PASS	0	1.727		isa-run/rv64uzbs-p-bclri/simulation.log		isa-run
rv64uzbs-p-bext	isa	PASS	0	2.129		isa-run/rv64uzbs-p-bext/simulation.log		isa-run
rv64uzbs-p-bexti	isa	PASS	0	1.779		isa-run/rv64uzbs-p-bexti/simulation.log		isa-run
rv64uzbs-p-binv	isa	PASS	0	2.078		isa-run/rv64uzbs-p-binv/simulation.log		isa-run
rv64uzbs-p-binvi	isa	PASS	0	1.577		isa-run/rv64uzbs-p-binvi/simulation.log		isa-run
rv64uzbs-p-bset	isa	PASS	0	2.179		isa-run/rv64uzbs-p-bset/simulation.log		isa-run
rv64uzbs-p-bseti	isa	PASS	0	1.725		isa-run/rv64uzbs-p-bseti/simulation.log		isa-run
rv64uzbs-v-bclr	isa	PASS	0	17.971		isa-run/rv64uzbs-v-bclr/simulation.log		isa-run
rv64uzbs-v-bclri	isa	PASS	0	10.165		isa-run/rv64uzbs-v-bclri/simulation.log		isa-run
rv64uzbs-v-bext	isa	PASS	0	17.867		isa-run/rv64uzbs-v-bext/simulation.log		isa-run
rv64uzbs-v-bexti	isa	PASS	0	10.173		isa-run/rv64uzbs-v-bexti/simulation.log		isa-run
rv64uzbs-v-binv	isa	PASS	0	17.919		isa-run/rv64uzbs-v-binv/simulation.log		isa-run
rv64uzbs-v-binvi	isa	PASS	0	10.22		isa-run/rv64uzbs-v-binvi/simulation.log		isa-run
rv64uzbs-v-bset	isa	PASS	0	17.813		isa-run/rv64uzbs-v-bset/simulation.log		isa-run
rv64uzbs-v-bseti	isa	PASS	0	10.371		isa-run/rv64uzbs-v-bseti/simulation.log		isa-run
rv64uzfh-p-fadd	isa	PASS	0	1.574		isa-run/rv64uzfh-p-fadd/simulation.log		isa-run
rv64uzfh-p-fclass	isa	PASS	0	1.375		isa-run/rv64uzfh-p-fclass/simulation.log		isa-run
rv64uzfh-p-fcmp	isa	PASS	0	1.373		isa-run/rv64uzfh-p-fcmp/simulation.log		isa-run
rv64uzfh-p-fcvt	isa	PASS	0	1.477		isa-run/rv64uzfh-p-fcvt/simulation.log		isa-run
rv64uzfh-p-fcvt_w	isa	PASS	0	2.28		isa-run/rv64uzfh-p-fcvt_w/simulation.log		isa-run
rv64uzfh-p-fdiv	isa	PASS	0	1.423		isa-run/rv64uzfh-p-fdiv/simulation.log		isa-run
rv64uzfh-p-fmadd	isa	PASS	0	1.577		isa-run/rv64uzfh-p-fmadd/simulation.log		isa-run
rv64uzfh-p-fmin	isa	PASS	0	1.826		isa-run/rv64uzfh-p-fmin/simulation.log		isa-run
rv64uzfh-p-ldst	isa	PASS	0	1.176		isa-run/rv64uzfh-p-ldst/simulation.log		isa-run
rv64uzfh-p-move	isa	PASS	0	1.575		isa-run/rv64uzfh-p-move/simulation.log		isa-run
rv64uzfh-p-recoding	isa	PASS	0	1.222		isa-run/rv64uzfh-p-recoding/simulation.log		isa-run
rv64uzfh-v-fadd	isa	PASS	0	17.264		isa-run/rv64uzfh-v-fadd/simulation.log		isa-run
rv64uzfh-v-fclass	isa	PASS	0	9.916		isa-run/rv64uzfh-v-fclass/simulation.log		isa-run
rv64uzfh-v-fcmp	isa	PASS	0	16.657		isa-run/rv64uzfh-v-fcmp/simulation.log		isa-run
rv64uzfh-v-fcvt	isa	PASS	0	17.258		isa-run/rv64uzfh-v-fcvt/simulation.log		isa-run
rv64uzfh-v-fcvt_w	isa	PASS	0	25.748		isa-run/rv64uzfh-v-fcvt_w/simulation.log		isa-run
rv64uzfh-v-fdiv	isa	PASS	0	17.256		isa-run/rv64uzfh-v-fdiv/simulation.log		isa-run
rv64uzfh-v-fmadd	isa	PASS	0	17.158		isa-run/rv64uzfh-v-fmadd/simulation.log		isa-run
rv64uzfh-v-fmin	isa	PASS	0	17.007		isa-run/rv64uzfh-v-fmin/simulation.log		isa-run
rv64uzfh-v-ldst	isa	PASS	0	16.154		isa-run/rv64uzfh-v-ldst/simulation.log		isa-run
rv64uzfh-v-move	isa	PASS	0	10.326		isa-run/rv64uzfh-v-move/simulation.log		isa-run
rv64uzfh-v-recoding	isa	PASS	0	14.434		isa-run/rv64uzfh-v-recoding/simulation.log		isa-run
spmv	benchmark-configured	PASS	0	78.176		bench-run/spmv/simulation.log		bench-run
towers	benchmark-configured	PASS	0	13.398		bench-run/towers/simulation.log		bench-run
vvadd	benchmark-configured	PASS	0	11.179		bench-run/vvadd/simulation.log		bench-run
