test	binary	suite	required_stdout
median	${REPO_ROOT}/build/cpu-rebuilt/bench/bin/median.riscv	benchmark-configured	[]
qsort	${REPO_ROOT}/build/cpu-rebuilt/bench/bin/qsort.riscv	benchmark-configured	[]
rsort	${REPO_ROOT}/build/cpu-rebuilt/bench/bin/rsort.riscv	benchmark-configured	[]
towers	${REPO_ROOT}/build/cpu-rebuilt/bench/bin/towers.riscv	benchmark-configured	[]
vvadd	${REPO_ROOT}/build/cpu-rebuilt/bench/bin/vvadd.riscv	benchmark-configured	[]
memcpy	${REPO_ROOT}/build/cpu-rebuilt/bench/bin/memcpy.riscv	benchmark-extra	[]
multiply	${REPO_ROOT}/build/cpu-rebuilt/bench/bin/multiply.riscv	benchmark-configured	[]
mm	${REPO_ROOT}/build/cpu-rebuilt/bench/bin/mm.riscv	benchmark-configured	[]
dhrystone	${REPO_ROOT}/build/cpu-rebuilt/bench/bin/dhrystone.riscv	benchmark-configured	[]
spmv	${REPO_ROOT}/build/cpu-rebuilt/bench/bin/spmv.riscv	benchmark-configured	[]
mt-vvadd	${REPO_ROOT}/build/cpu-rebuilt/bench/bin/mt-vvadd.riscv	benchmark-configured	[]
mt-matmul	${REPO_ROOT}/build/cpu-rebuilt/bench/bin/mt-matmul.riscv	benchmark-configured	[]
mt-memcpy	${REPO_ROOT}/build/cpu-rebuilt/bench/bin/mt-memcpy.riscv	benchmark-extra	[]
mt-vvadd-dual	${REPO_ROOT}/build/cpu-rebuilt/bench/bin/mt-vvadd-dual.riscv	benchmark-dual	[]
mt-matmul-dual	${REPO_ROOT}/build/cpu-rebuilt/bench/bin/mt-matmul-dual.riscv	benchmark-dual	[]
mt-memcpy-dual	${REPO_ROOT}/build/cpu-rebuilt/bench/bin/mt-memcpy-dual.riscv	benchmark-dual	[]
legacy-vvadd0-dual	${REPO_ROOT}/build/cpu-rebuilt/bench/bin/legacy-vvadd0-dual.riscv	legacy-mt	[]
legacy-vvadd1-dual	${REPO_ROOT}/build/cpu-rebuilt/bench/bin/legacy-vvadd1-dual.riscv	legacy-mt	[]
legacy-vvadd2-dual	${REPO_ROOT}/build/cpu-rebuilt/bench/bin/legacy-vvadd2-dual.riscv	legacy-mt	[]
legacy-vvadd3-dual	${REPO_ROOT}/build/cpu-rebuilt/bench/bin/legacy-vvadd3-dual.riscv	legacy-mt	[]
legacy-vvadd4-dual	${REPO_ROOT}/build/cpu-rebuilt/bench/bin/legacy-vvadd4-dual.riscv	legacy-mt	[]
legacy-ad_matmul-dual	${REPO_ROOT}/build/cpu-rebuilt/bench/bin/legacy-ad_matmul-dual.riscv	legacy-mt	[]
legacy-ae_matmul-dual	${REPO_ROOT}/build/cpu-rebuilt/bench/bin/legacy-ae_matmul-dual.riscv	legacy-mt	[]
legacy-af_matmul-dual	${REPO_ROOT}/build/cpu-rebuilt/bench/bin/legacy-af_matmul-dual.riscv	legacy-mt	[]
legacy-ag_matmul-dual	${REPO_ROOT}/build/cpu-rebuilt/bench/bin/legacy-ag_matmul-dual.riscv	legacy-mt	[]
legacy-ai_matmul-dual	${REPO_ROOT}/build/cpu-rebuilt/bench/bin/legacy-ai_matmul-dual.riscv	legacy-mt	[]
legacy-ak_matmul-dual	${REPO_ROOT}/build/cpu-rebuilt/bench/bin/legacy-ak_matmul-dual.riscv	legacy-mt	[]
legacy-al_matmul-dual	${REPO_ROOT}/build/cpu-rebuilt/bench/bin/legacy-al_matmul-dual.riscv	legacy-mt	[]
legacy-am_matmul-dual	${REPO_ROOT}/build/cpu-rebuilt/bench/bin/legacy-am_matmul-dual.riscv	legacy-mt	[]
legacy-an_matmul-dual	${REPO_ROOT}/build/cpu-rebuilt/bench/bin/legacy-an_matmul-dual.riscv	legacy-mt	[]
legacy-ap_matmul-dual	${REPO_ROOT}/build/cpu-rebuilt/bench/bin/legacy-ap_matmul-dual.riscv	legacy-mt	[]
legacy-aq_matmul-dual	${REPO_ROOT}/build/cpu-rebuilt/bench/bin/legacy-aq_matmul-dual.riscv	legacy-mt	[]
legacy-ar_matmul-dual	${REPO_ROOT}/build/cpu-rebuilt/bench/bin/legacy-ar_matmul-dual.riscv	legacy-mt	[]
legacy-at_matmul-dual	${REPO_ROOT}/build/cpu-rebuilt/bench/bin/legacy-at_matmul-dual.riscv	legacy-mt	[]
legacy-av_matmul-dual	${REPO_ROOT}/build/cpu-rebuilt/bench/bin/legacy-av_matmul-dual.riscv	legacy-mt	[]
legacy-ay_matmul-dual	${REPO_ROOT}/build/cpu-rebuilt/bench/bin/legacy-ay_matmul-dual.riscv	legacy-mt	[]
legacy-az_matmul-dual	${REPO_ROOT}/build/cpu-rebuilt/bench/bin/legacy-az_matmul-dual.riscv	legacy-mt	[]
legacy-bb_matmul-dual	${REPO_ROOT}/build/cpu-rebuilt/bench/bin/legacy-bb_matmul-dual.riscv	legacy-mt	[]
legacy-bc_matmul-dual	${REPO_ROOT}/build/cpu-rebuilt/bench/bin/legacy-bc_matmul-dual.riscv	legacy-mt	[]
legacy-bf_matmul-dual	${REPO_ROOT}/build/cpu-rebuilt/bench/bin/legacy-bf_matmul-dual.riscv	legacy-mt	[]
legacy-bh_matmul-dual	${REPO_ROOT}/build/cpu-rebuilt/bench/bin/legacy-bh_matmul-dual.riscv	legacy-mt	[]
legacy-bj_matmul-dual	${REPO_ROOT}/build/cpu-rebuilt/bench/bin/legacy-bj_matmul-dual.riscv	legacy-mt	[]
legacy-bk_matmul-dual	${REPO_ROOT}/build/cpu-rebuilt/bench/bin/legacy-bk_matmul-dual.riscv	legacy-mt	[]
legacy-bm_matmul-dual	${REPO_ROOT}/build/cpu-rebuilt/bench/bin/legacy-bm_matmul-dual.riscv	legacy-mt	[]
legacy-bo_matmul-dual	${REPO_ROOT}/build/cpu-rebuilt/bench/bin/legacy-bo_matmul-dual.riscv	legacy-mt	[]
legacy-br_matmul-dual	${REPO_ROOT}/build/cpu-rebuilt/bench/bin/legacy-br_matmul-dual.riscv	legacy-mt	[]
legacy-bs_matmul-dual	${REPO_ROOT}/build/cpu-rebuilt/bench/bin/legacy-bs_matmul-dual.riscv	legacy-mt	[]
legacy-ce_matmul-dual	${REPO_ROOT}/build/cpu-rebuilt/bench/bin/legacy-ce_matmul-dual.riscv	legacy-mt	[]
legacy-cf_matmul-dual	${REPO_ROOT}/build/cpu-rebuilt/bench/bin/legacy-cf_matmul-dual.riscv	legacy-mt	[]
legacy-cg_matmul-dual	${REPO_ROOT}/build/cpu-rebuilt/bench/bin/legacy-cg_matmul-dual.riscv	legacy-mt	[]
legacy-ci_matmul-dual	${REPO_ROOT}/build/cpu-rebuilt/bench/bin/legacy-ci_matmul-dual.riscv	legacy-mt	[]
legacy-ck_matmul-dual	${REPO_ROOT}/build/cpu-rebuilt/bench/bin/legacy-ck_matmul-dual.riscv	legacy-mt	[]
legacy-cl_matmul-dual	${REPO_ROOT}/build/cpu-rebuilt/bench/bin/legacy-cl_matmul-dual.riscv	legacy-mt	[]
legacy-cm_matmul-dual	${REPO_ROOT}/build/cpu-rebuilt/bench/bin/legacy-cm_matmul-dual.riscv	legacy-mt	[]
legacy-cs_matmul-dual	${REPO_ROOT}/build/cpu-rebuilt/bench/bin/legacy-cs_matmul-dual.riscv	legacy-mt	[]
legacy-cv_matmul-dual	${REPO_ROOT}/build/cpu-rebuilt/bench/bin/legacy-cv_matmul-dual.riscv	legacy-mt	[]
legacy-cy_matmul-dual	${REPO_ROOT}/build/cpu-rebuilt/bench/bin/legacy-cy_matmul-dual.riscv	legacy-mt	[]
legacy-dc_matmul-dual	${REPO_ROOT}/build/cpu-rebuilt/bench/bin/legacy-dc_matmul-dual.riscv	legacy-mt	[]
legacy-df_matmul-dual	${REPO_ROOT}/build/cpu-rebuilt/bench/bin/legacy-df_matmul-dual.riscv	legacy-mt	[]
legacy-dm_matmul-dual	${REPO_ROOT}/build/cpu-rebuilt/bench/bin/legacy-dm_matmul-dual.riscv	legacy-mt	[]
legacy-do_matmul-dual	${REPO_ROOT}/build/cpu-rebuilt/bench/bin/legacy-do_matmul-dual.riscv	legacy-mt	[]
legacy-dr_matmul-dual	${REPO_ROOT}/build/cpu-rebuilt/bench/bin/legacy-dr_matmul-dual.riscv	legacy-mt	[]
legacy-ds_matmul-dual	${REPO_ROOT}/build/cpu-rebuilt/bench/bin/legacy-ds_matmul-dual.riscv	legacy-mt	[]
legacy-du_matmul-dual	${REPO_ROOT}/build/cpu-rebuilt/bench/bin/legacy-du_matmul-dual.riscv	legacy-mt	[]
legacy-dv_matmul-dual	${REPO_ROOT}/build/cpu-rebuilt/bench/bin/legacy-dv_matmul-dual.riscv	legacy-mt	[]
chipyard-hello	${REPO_ROOT}/build/cpu-rebuilt/bench/bin/chipyard-hello.riscv	chipyard-generic	"[""Hello world""]"
chipyard-cpp-hello	${REPO_ROOT}/build/cpu-rebuilt/bench/bin/chipyard-cpp-hello.riscv	chipyard-generic	"[""Hello World!""]"
chipyard-mt-hello-dual	${REPO_ROOT}/build/cpu-rebuilt/bench/bin/chipyard-mt-hello-dual.riscv	chipyard-generic	"[""Hello world from core 0, a rocket"", ""Hello world from core 1, a rocket""]"
corrected-legacy-vvadd1-dual	${REPO_ROOT}/build/cpu-rebuilt/bench/corrected/bin/corrected-legacy-vvadd1-dual.riscv	corrected-mt-supplement	[]
corrected-mt-matmul-dual	${REPO_ROOT}/build/cpu-rebuilt/bench/corrected/bin/corrected-mt-matmul-dual.riscv	corrected-mt-supplement	[]
corrected-legacy-ae_matmul-dual	${REPO_ROOT}/build/cpu-rebuilt/bench/corrected/bin/corrected-legacy-ae_matmul-dual.riscv	corrected-mt-supplement	[]
dual-hart-smoke	${REPO_ROOT}/build/cpu-rebuilt/dual-hart-smoke.riscv	dual-hart-smoke	"[""PASS dual-hart: hart0+hart1, peer data visible, 256 atomic increments""]"
