test	suite	result	exit_status	wall_seconds	cycles	log	campaign
chipyard-cpp-hello	chipyard-generic	PASS	0	54.637		campaigns/cpu-bench/chipyard-cpp-hello/simulation.log	cpu-bench
chipyard-hello	chipyard-generic	PASS	0	9.272		campaigns/cpu-bench/chipyard-hello/simulation.log	cpu-bench
chipyard-mt-hello-dual	chipyard-generic	PASS	0	14.848		campaigns/cpu-bench/chipyard-mt-hello-dual/simulation.log	cpu-bench
corrected-legacy-ae_matmul-dual	corrected-mt-supplement	PASS	0	28.271		campaigns/cpu-bench/corrected-legacy-ae_matmul-dual/simulation.log	cpu-bench
corrected-legacy-vvadd1-dual	corrected-mt-supplement	PASS	0	66.287		campaigns/cpu-bench/corrected-legacy-vvadd1-dual/simulation.log	cpu-bench
corrected-mt-matmul-dual	corrected-mt-supplement	PASS	0	26.008		campaigns/cpu-bench/corrected-mt-matmul-dual/simulation.log	cpu-bench
dhrystone	benchmark-configured	PASS	0	135.69		campaigns/cpu-bench/dhrystone/simulation.log	cpu-bench
dual-hart-smoke	dual-hart-smoke	PASS	0	6.701		campaigns/cpu-bench/dual-hart-smoke/simulation.log	cpu-bench
legacy-ad_matmul-dual	legacy-mt	CYCLE_TIMEOUT	255	531.131	2000001	campaigns/cpu-bench/legacy-ad_matmul-dual/simulation.log	cpu-bench
legacy-ae_matmul-dual	legacy-mt	PASS	0	19.934		campaigns/cpu-bench/legacy-ae_matmul-dual/simulation.log	cpu-bench
legacy-af_matmul-dual	legacy-mt	FAIL	255	13.645		campaigns/cpu-bench/legacy-af_matmul-dual/simulation.log	cpu-bench
legacy-ag_matmul-dual	legacy-mt	PASS	0	17.372		campaigns/cpu-bench/legacy-ag_matmul-dual/simulation.log	cpu-bench
legacy-ai_matmul-dual	legacy-mt	PASS	0	14.0		campaigns/cpu-bench/legacy-ai_matmul-dual/simulation.log	cpu-bench
legacy-ak_matmul-dual	legacy-mt	PASS	0	22.901		campaigns/cpu-bench/legacy-ak_matmul-dual/simulation.log	cpu-bench
legacy-al_matmul-dual	legacy-mt	FAIL	255	68.746		campaigns/cpu-bench/legacy-al_matmul-dual/simulation.log	cpu-bench
legacy-am_matmul-dual	legacy-mt	FAIL	255	58.528		campaigns/cpu-bench/legacy-am_matmul-dual/simulation.log	cpu-bench
legacy-an_matmul-dual	legacy-mt	PASS	0	26.16		campaigns/cpu-bench/legacy-an_matmul-dual/simulation.log	cpu-bench
legacy-ap_matmul-dual	legacy-mt	PASS	0	19.323		campaigns/cpu-bench/legacy-ap_matmul-dual/simulation.log	cpu-bench
legacy-aq_matmul-dual	legacy-mt	PASS	0	48.219		campaigns/cpu-bench/legacy-aq_matmul-dual/simulation.log	cpu-bench
legacy-ar_matmul-dual	legacy-mt	PASS	0	19.571		campaigns/cpu-bench/legacy-ar_matmul-dual/simulation.log	cpu-bench
legacy-at_matmul-dual	legacy-mt	FAIL	255	64.269		campaigns/cpu-bench/legacy-at_matmul-dual/simulation.log	cpu-bench
legacy-av_matmul-dual	legacy-mt	FAIL	255	76.728		campaigns/cpu-bench/legacy-av_matmul-dual/simulation.log	cpu-bench
legacy-ay_matmul-dual	legacy-mt	FAIL	255	68.187		campaigns/cpu-bench/legacy-ay_matmul-dual/simulation.log	cpu-bench
legacy-az_matmul-dual	legacy-mt	FAIL	255	68.341		campaigns/cpu-bench/legacy-az_matmul-dual/simulation.log	cpu-bench
legacy-bb_matmul-dual	legacy-mt	PASS	0	12.581		campaigns/cpu-bench/legacy-bb_matmul-dual/simulation.log	cpu-bench
legacy-bc_matmul-dual	legacy-mt	PASS	0	32.137		campaigns/cpu-bench/legacy-bc_matmul-dual/simulation.log	cpu-bench
legacy-bf_matmul-dual	legacy-mt	FAIL	255	66.765		campaigns/cpu-bench/legacy-bf_matmul-dual/simulation.log	cpu-bench
legacy-bh_matmul-dual	legacy-mt	PASS	0	14.296		campaigns/cpu-bench/legacy-bh_matmul-dual/simulation.log	cpu-bench
legacy-bj_matmul-dual	legacy-mt	PASS	0	14.138		campaigns/cpu-bench/legacy-bj_matmul-dual/simulation.log	cpu-bench
legacy-bk_matmul-dual	legacy-mt	FAIL	255	65.059		campaigns/cpu-bench/legacy-bk_matmul-dual/simulation.log	cpu-bench
legacy-bm_matmul-dual	legacy-mt	PASS	0	13.994		campaigns/cpu-bench/legacy-bm_matmul-dual/simulation.log	cpu-bench
legacy-bo_matmul-dual	legacy-mt	FAIL	255	83.678		campaigns/cpu-bench/legacy-bo_matmul-dual/simulation.log	cpu-bench
legacy-br_matmul-dual	legacy-mt	FAIL	255	107.844		campaigns/cpu-bench/legacy-br_matmul-dual/simulation.log	cpu-bench
legacy-bs_matmul-dual	legacy-mt	PASS	0	30.939		campaigns/cpu-bench/legacy-bs_matmul-dual/simulation.log	cpu-bench
legacy-ce_matmul-dual	legacy-mt	PASS	0	27.406		campaigns/cpu-bench/legacy-ce_matmul-dual/simulation.log	cpu-bench
legacy-cf_matmul-dual	legacy-mt	FAIL	255	448.056		campaigns/cpu-bench/legacy-cf_matmul-dual/simulation.log	cpu-bench
legacy-cg_matmul-dual	legacy-mt	PASS	0	16.656		campaigns/cpu-bench/legacy-cg_matmul-dual/simulation.log	cpu-bench
legacy-ci_matmul-dual	legacy-mt	PASS	0	14.189		campaigns/cpu-bench/legacy-ci_matmul-dual/simulation.log	cpu-bench
legacy-ck_matmul-dual	legacy-mt	PASS	0	22.298		campaigns/cpu-bench/legacy-ck_matmul-dual/simulation.log	cpu-bench
legacy-cl_matmul-dual	legacy-mt	FAIL	255	142.014		campaigns/cpu-bench/legacy-cl_matmul-dual/simulation.log	cpu-bench
legacy-cm_matmul-dual	legacy-mt	FAIL	255	71.233		campaigns/cpu-bench/legacy-cm_matmul-dual/simulation.log	cpu-bench
legacy-cs_matmul-dual	legacy-mt	PASS	0	20.68		campaigns/cpu-bench/legacy-cs_matmul-dual/simulation.log	cpu-bench
legacy-cv_matmul-dual	legacy-mt	FAIL	255	158.266		campaigns/cpu-bench/legacy-cv_matmul-dual/simulation.log	cpu-bench
legacy-cy_matmul-dual	legacy-mt	FAIL	255	68.926		campaigns/cpu-bench/legacy-cy_matmul-dual/simulation.log	cpu-bench
legacy-dc_matmul-dual	legacy-mt	PASS	0	34.203		campaigns/cpu-bench/legacy-dc_matmul-dual/simulation.log	cpu-bench
legacy-df_matmul-dual	legacy-mt	FAIL	255	119.545		campaigns/cpu-bench/legacy-df_matmul-dual/simulation.log	cpu-bench
legacy-dm_matmul-dual	legacy-mt	PASS	0	14.996		campaigns/cpu-bench/legacy-dm_matmul-dual/simulation.log	cpu-bench
legacy-do_matmul-dual	legacy-mt	FAIL	255	107.471		campaigns/cpu-bench/legacy-do_matmul-dual/simulation.log	cpu-bench
legacy-dr_matmul-dual	legacy-mt	FAIL	255	114.283		campaigns/cpu-bench/legacy-dr_matmul-dual/simulation.log	cpu-bench
legacy-ds_matmul-dual	legacy-mt	PASS	0	16.858		campaigns/cpu-bench/legacy-ds_matmul-dual/simulation.log	cpu-bench
legacy-du_matmul-dual	legacy-mt	FAIL	255	57.056		campaigns/cpu-bench/legacy-du_matmul-dual/simulation.log	cpu-bench
legacy-dv_matmul-dual	legacy-mt	CYCLE_TIMEOUT	255	432.385	2000001	campaigns/cpu-bench/legacy-dv_matmul-dual/simulation.log	cpu-bench
legacy-vvadd0-dual	legacy-mt	PASS	0	55.224		campaigns/cpu-bench/legacy-vvadd0-dual/simulation.log	cpu-bench
legacy-vvadd1-dual	legacy-mt	PASS	0	71.928		campaigns/cpu-bench/legacy-vvadd1-dual/simulation.log	cpu-bench
legacy-vvadd2-dual	legacy-mt	PASS	0	71.971		campaigns/cpu-bench/legacy-vvadd2-dual/simulation.log	cpu-bench
legacy-vvadd3-dual	legacy-mt	PASS	0	56.846		campaigns/cpu-bench/legacy-vvadd3-dual/simulation.log	cpu-bench
legacy-vvadd4-dual	legacy-mt	PASS	0	72.173		campaigns/cpu-bench/legacy-vvadd4-dual/simulation.log	cpu-bench
median	benchmark-configured	PASS	0	19.443		campaigns/cpu-bench/median/simulation.log	cpu-bench
memcpy	benchmark-extra	PASS	0	46.482		campaigns/cpu-bench/memcpy/simulation.log	cpu-bench
mm	benchmark-configured	PASS	0	201.376		campaigns/cpu-bench/mm/simulation.log	cpu-bench
mt-matmul	benchmark-configured	PASS	0	38.134		campaigns/cpu-bench/mt-matmul/simulation.log	cpu-bench
mt-matmul-dual	benchmark-dual	PASS	0	17.112		campaigns/cpu-bench/mt-matmul-dual/simulation.log	cpu-bench
mt-memcpy	benchmark-extra	PASS	0	144.407		campaigns/cpu-bench/mt-memcpy/simulation.log	cpu-bench
mt-memcpy-dual	benchmark-dual	PASS	0	102.487		campaigns/cpu-bench/mt-memcpy-dual/simulation.log	cpu-bench
mt-vvadd	benchmark-configured	PASS	0	67.612		campaigns/cpu-bench/mt-vvadd/simulation.log	cpu-bench
mt-vvadd-dual	benchmark-dual	PASS	0	74.003		campaigns/cpu-bench/mt-vvadd-dual/simulation.log	cpu-bench
multiply	benchmark-configured	PASS	0	40.118		campaigns/cpu-bench/multiply/simulation.log	cpu-bench
pmp	benchmark-configured	PASS	0	1013.445		campaigns/cpu-pmp/pmp/simulation.log	cpu-pmp
qsort	benchmark-configured	PASS	0	197.24		campaigns/cpu-bench/qsort/simulation.log	cpu-bench
rsort	benchmark-configured	PASS	0	248.319		campaigns/cpu-bench/rsort/simulation.log	cpu-bench
rv64mi-p-access	isa	PASS	0	1.683		campaigns/cpu-isa/rv64mi-p-access/simulation.log	cpu-isa
rv64mi-p-breakpoint	isa	PASS	0	1.629		campaigns/cpu-isa/rv64mi-p-breakpoint/simulation.log	cpu-isa
rv64mi-p-csr	isa	PASS	0	1.935		campaigns/cpu-isa/rv64mi-p-csr/simulation.log	cpu-isa
rv64mi-p-illegal	isa	PASS	0	2.031		campaigns/cpu-isa/rv64mi-p-illegal/simulation.log	cpu-isa
rv64mi-p-ld-misaligned	isa	PASS	0	1.777		campaigns/cpu-isa/rv64mi-p-ld-misaligned/simulation.log	cpu-isa
rv64mi-p-lh-misaligned	isa	PASS	0	1.277		campaigns/cpu-isa/rv64mi-p-lh-misaligned/simulation.log	cpu-isa
rv64mi-p-lw-misaligned	isa	PASS	0	1.327		campaigns/cpu-isa/rv64mi-p-lw-misaligned/simulation.log	cpu-isa
rv64mi-p-ma_addr	isa	PASS	0	2.178		campaigns/cpu-isa/rv64mi-p-ma_addr/simulation.log	cpu-isa
rv64mi-p-ma_fetch	isa	PASS	0	1.276		campaigns/cpu-isa/rv64mi-p-ma_fetch/simulation.log	cpu-isa
rv64mi-p-mcsr	isa	PASS	0	1.382		campaigns/cpu-isa/rv64mi-p-mcsr/simulation.log	cpu-isa
rv64mi-p-sbreak	isa	PASS	0	1.278		campaigns/cpu-isa/rv64mi-p-sbreak/simulation.log	cpu-isa
rv64mi-p-scall	isa	PASS	0	1.271		campaigns/cpu-isa/rv64mi-p-scall/simulation.log	cpu-isa
rv64mi-p-sd-misaligned	isa	PASS	0	1.723		campaigns/cpu-isa/rv64mi-p-sd-misaligned/simulation.log	cpu-isa
rv64mi-p-sh-misaligned	isa	PASS	0	1.223		campaigns/cpu-isa/rv64mi-p-sh-misaligned/simulation.log	cpu-isa
rv64mi-p-sw-misaligned	isa	PASS	0	1.327		campaigns/cpu-isa/rv64mi-p-sw-misaligned/simulation.log	cpu-isa
rv64mi-p-zicntr	isa	PASS	0	1.225		campaigns/cpu-isa/rv64mi-p-zicntr/simulation.log	cpu-isa
rv64mzicbo-p-zero	isa	FAIL	255	1.224		campaigns/cpu-isa/rv64mzicbo-p-zero/simulation.log	cpu-isa
rv64si-p-csr	isa	PASS	0	1.474		campaigns/cpu-isa/rv64si-p-csr/simulation.log	cpu-isa
rv64si-p-dirty	isa	PASS	0	1.425		campaigns/cpu-isa/rv64si-p-dirty/simulation.log	cpu-isa
rv64si-p-icache-alias	isa	PASS	0	1.676		campaigns/cpu-isa/rv64si-p-icache-alias/simulation.log	cpu-isa
rv64si-p-ma_fetch	isa	PASS	0	1.324		campaigns/cpu-isa/rv64si-p-ma_fetch/simulation.log	cpu-isa
rv64si-p-sbreak	isa	PASS	0	1.222		campaigns/cpu-isa/rv64si-p-sbreak/simulation.log	cpu-isa
rv64si-p-scall	isa	PASS	0	1.275		campaigns/cpu-isa/rv64si-p-scall/simulation.log	cpu-isa
rv64si-p-wfi	isa	PASS	0	1.224		campaigns/cpu-isa/rv64si-p-wfi/simulation.log	cpu-isa
rv64ssvnapot-p-napot	isa	PASS	0	1.58		campaigns/cpu-isa/rv64ssvnapot-p-napot/simulation.log	cpu-isa
rv64ua-p-amoadd_d	isa	PASS	0	1.225		campaigns/cpu-isa/rv64ua-p-amoadd_d/simulation.log	cpu-isa
rv64ua-p-amoadd_w	isa	PASS	0	1.227		campaigns/cpu-isa/rv64ua-p-amoadd_w/simulation.log	cpu-isa
rv64ua-p-amoand_d	isa	PASS	0	1.223		campaigns/cpu-isa/rv64ua-p-amoand_d/simulation.log	cpu-isa
rv64ua-p-amoand_w	isa	PASS	0	1.227		campaigns/cpu-isa/rv64ua-p-amoand_w/simulation.log	cpu-isa
rv64ua-p-amomax_d	isa	PASS	0	1.226		campaigns/cpu-isa/rv64ua-p-amomax_d/simulation.log	cpu-isa
rv64ua-p-amomax_w	isa	PASS	0	1.276		campaigns/cpu-isa/rv64ua-p-amomax_w/simulation.log	cpu-isa
rv64ua-p-amomaxu_d	isa	PASS	0	1.275		campaigns/cpu-isa/rv64ua-p-amomaxu_d/simulation.log	cpu-isa
rv64ua-p-amomaxu_w	isa	PASS	0	1.276		campaigns/cpu-isa/rv64ua-p-amomaxu_w/simulation.log	cpu-isa
rv64ua-p-amomin_d	isa	PASS	0	1.227		campaigns/cpu-isa/rv64ua-p-amomin_d/simulation.log	cpu-isa
rv64ua-p-amomin_w	isa	PASS	0	1.277		campaigns/cpu-isa/rv64ua-p-amomin_w/simulation.log	cpu-isa
rv64ua-p-amominu_d	isa	PASS	0	1.227		campaigns/cpu-isa/rv64ua-p-amominu_d/simulation.log	cpu-isa
rv64ua-p-amominu_w	isa	PASS	0	1.222		campaigns/cpu-isa/rv64ua-p-amominu_w/simulation.log	cpu-isa
rv64ua-p-amoor_d	isa	PASS	0	1.226		campaigns/cpu-isa/rv64ua-p-amoor_d/simulation.log	cpu-isa
rv64ua-p-amoor_w	isa	PASS	0	1.224		campaigns/cpu-isa/rv64ua-p-amoor_w/simulation.log	cpu-isa
rv64ua-p-amoswap_d	isa	PASS	0	1.226		campaigns/cpu-isa/rv64ua-p-amoswap_d/simulation.log	cpu-isa
rv64ua-p-amoswap_w	isa	PASS	0	1.225		campaigns/cpu-isa/rv64ua-p-amoswap_w/simulation.log	cpu-isa
rv64ua-p-amoxor_d	isa	PASS	0	1.225		campaigns/cpu-isa/rv64ua-p-amoxor_d/simulation.log	cpu-isa
rv64ua-p-amoxor_w	isa	PASS	0	1.223		campaigns/cpu-isa/rv64ua-p-amoxor_w/simulation.log	cpu-isa
rv64ua-p-lrsc	isa	PASS	0	6.456		campaigns/cpu-isa/rv64ua-p-lrsc/simulation.log	cpu-isa
rv64ua-v-amoadd_d	isa	PASS	0	16.766		campaigns/cpu-isa/rv64ua-v-amoadd_d/simulation.log	cpu-isa
rv64ua-v-amoadd_w	isa	PASS	0	16.153		campaigns/cpu-isa/rv64ua-v-amoadd_w/simulation.log	cpu-isa
rv64ua-v-amoand_d	isa	PASS	0	16.004		campaigns/cpu-isa/rv64ua-v-amoand_d/simulation.log	cpu-isa
rv64ua-v-amoand_w	isa	PASS	0	16.608		campaigns/cpu-isa/rv64ua-v-amoand_w/simulation.log	cpu-isa
rv64ua-v-amomax_d	isa	PASS	0	16.203		campaigns/cpu-isa/rv64ua-v-amomax_d/simulation.log	cpu-isa
rv64ua-v-amomax_w	isa	PASS	0	17.011		campaigns/cpu-isa/rv64ua-v-amomax_w/simulation.log	cpu-isa
rv64ua-v-amomaxu_d	isa	PASS	0	16.764		campaigns/cpu-isa/rv64ua-v-amomaxu_d/simulation.log	cpu-isa
rv64ua-v-amomaxu_w	isa	PASS	0	19.184		campaigns/cpu-isa/rv64ua-v-amomaxu_w/simulation.log	cpu-isa
rv64ua-v-amomin_d	isa	PASS	0	20.8		campaigns/cpu-isa/rv64ua-v-amomin_d/simulation.log	cpu-isa
rv64ua-v-amomin_w	isa	PASS	0	20.907		campaigns/cpu-isa/rv64ua-v-amomin_w/simulation.log	cpu-isa
rv64ua-v-amominu_d	isa	PASS	0	20.852		campaigns/cpu-isa/rv64ua-v-amominu_d/simulation.log	cpu-isa
rv64ua-v-amominu_w	isa	PASS	0	20.955		campaigns/cpu-isa/rv64ua-v-amominu_w/simulation.log	cpu-isa
rv64ua-v-amoor_d	isa	PASS	0	21.41		campaigns/cpu-isa/rv64ua-v-amoor_d/simulation.log	cpu-isa
rv64ua-v-amoor_w	isa	PASS	0	20.35		campaigns/cpu-isa/rv64ua-v-amoor_w/simulation.log	cpu-isa
rv64ua-v-amoswap_d	isa	PASS	0	20.606		campaigns/cpu-isa/rv64ua-v-amoswap_d/simulation.log	cpu-isa
rv64ua-v-amoswap_w	isa	PASS	0	20.302		campaigns/cpu-isa/rv64ua-v-amoswap_w/simulation.log	cpu-isa
rv64ua-v-amoxor_d	isa	PASS	0	20.451		campaigns/cpu-isa/rv64ua-v-amoxor_d/simulation.log	cpu-isa
rv64ua-v-amoxor_w	isa	PASS	0	21.208		campaigns/cpu-isa/rv64ua-v-amoxor_w/simulation.log	cpu-isa
rv64ua-v-lrsc	isa	PASS	0	27.102		campaigns/cpu-isa/rv64ua-v-lrsc/simulation.log	cpu-isa
rv64uc-p-rvc	isa	PASS	0	2.186		campaigns/cpu-isa/rv64uc-p-rvc/simulation.log	cpu-isa
rv64uc-v-rvc	isa	PASS	0	32.124		campaigns/cpu-isa/rv64uc-v-rvc/simulation.log	cpu-isa
rv64ud-p-fadd	isa	PASS	0	2.037		campaigns/cpu-isa/rv64ud-p-fadd/simulation.log	cpu-isa
rv64ud-p-fclass	isa	PASS	0	1.63		campaigns/cpu-isa/rv64ud-p-fclass/simulation.log	cpu-isa
rv64ud-p-fcmp	isa	PASS	0	2.685		campaigns/cpu-isa/rv64ud-p-fcmp/simulation.log	cpu-isa
rv64ud-p-fcvt	isa	PASS	0	1.881		campaigns/cpu-isa/rv64ud-p-fcvt/simulation.log	cpu-isa
rv64ud-p-fcvt_w	isa	PASS	0	3.595		campaigns/cpu-isa/rv64ud-p-fcvt_w/simulation.log	cpu-isa
rv64ud-p-fdiv	isa	PASS	0	2.136		campaigns/cpu-isa/rv64ud-p-fdiv/simulation.log	cpu-isa
rv64ud-p-fmadd	isa	PASS	0	2.137		campaigns/cpu-isa/rv64ud-p-fmadd/simulation.log	cpu-isa
rv64ud-p-fmin	isa	PASS	0	2.487		campaigns/cpu-isa/rv64ud-p-fmin/simulation.log	cpu-isa
rv64ud-p-ldst	isa	PASS	0	1.778		campaigns/cpu-isa/rv64ud-p-ldst/simulation.log	cpu-isa
rv64ud-p-move	isa	PASS	0	3.899		campaigns/cpu-isa/rv64ud-p-move/simulation.log	cpu-isa
rv64ud-p-recoding	isa	PASS	0	1.878		campaigns/cpu-isa/rv64ud-p-recoding/simulation.log	cpu-isa
rv64ud-p-structural	isa	PASS	0	1.885		campaigns/cpu-isa/rv64ud-p-structural/simulation.log	cpu-isa
rv64ud-v-fadd	isa	PASS	0	21.757		campaigns/cpu-isa/rv64ud-v-fadd/simulation.log	cpu-isa
rv64ud-v-fclass	isa	PASS	0	12.701		campaigns/cpu-isa/rv64ud-v-fclass/simulation.log	cpu-isa
rv64ud-v-fcmp	isa	PASS	0	22.913		campaigns/cpu-isa/rv64ud-v-fcmp/simulation.log	cpu-isa
rv64ud-v-fcvt	isa	PASS	0	21.56		campaigns/cpu-isa/rv64ud-v-fcvt/simulation.log	cpu-isa
rv64ud-v-fcvt_w	isa	PASS	0	32.628		campaigns/cpu-isa/rv64ud-v-fcvt_w/simulation.log	cpu-isa
rv64ud-v-fdiv	isa	PASS	0	22.164		campaigns/cpu-isa/rv64ud-v-fdiv/simulation.log	cpu-isa
rv64ud-v-fmadd	isa	PASS	0	19.547		campaigns/cpu-isa/rv64ud-v-fmadd/simulation.log	cpu-isa
rv64ud-v-fmin	isa	PASS	0	18.776		campaigns/cpu-isa/rv64ud-v-fmin/simulation.log	cpu-isa
rv64ud-v-ldst	isa	PASS	0	16.561		campaigns/cpu-isa/rv64ud-v-ldst/simulation.log	cpu-isa
rv64ud-v-move	isa	PASS	0	18.769		campaigns/cpu-isa/rv64ud-v-move/simulation.log	cpu-isa
rv64ud-v-recoding	isa	PASS	0	16.655		campaigns/cpu-isa/rv64ud-v-recoding/simulation.log	cpu-isa
rv64ud-v-structural	isa	PASS	0	10.222		campaigns/cpu-isa/rv64ud-v-structural/simulation.log	cpu-isa
rv64uf-p-fadd	isa	PASS	0	1.623		campaigns/cpu-isa/rv64uf-p-fadd/simulation.log	cpu-isa
rv64uf-p-fclass	isa	PASS	0	1.323		campaigns/cpu-isa/rv64uf-p-fclass/simulation.log	cpu-isa
rv64uf-p-fcmp	isa	PASS	0	1.675		campaigns/cpu-isa/rv64uf-p-fcmp/simulation.log	cpu-isa
rv64uf-p-fcvt	isa	PASS	0	1.322		campaigns/cpu-isa/rv64uf-p-fcvt/simulation.log	cpu-isa
rv64uf-p-fcvt_w	isa	PASS	0	2.379		campaigns/cpu-isa/rv64uf-p-fcvt_w/simulation.log	cpu-isa
rv64uf-p-fdiv	isa	PASS	0	1.477		campaigns/cpu-isa/rv64uf-p-fdiv/simulation.log	cpu-isa
rv64uf-p-fmadd	isa	PASS	0	1.625		campaigns/cpu-isa/rv64uf-p-fmadd/simulation.log	cpu-isa
rv64uf-p-fmin	isa	PASS	0	1.927		campaigns/cpu-isa/rv64uf-p-fmin/simulation.log	cpu-isa
rv64uf-p-ldst	isa	PASS	0	1.426		campaigns/cpu-isa/rv64uf-p-ldst/simulation.log	cpu-isa
rv64uf-p-move	isa	PASS	0	1.73		campaigns/cpu-isa/rv64uf-p-move/simulation.log	cpu-isa
rv64uf-p-recoding	isa	PASS	0	1.274		campaigns/cpu-isa/rv64uf-p-recoding/simulation.log	cpu-isa
rv64uf-v-fadd	isa	PASS	0	18.769		campaigns/cpu-isa/rv64uf-v-fadd/simulation.log	cpu-isa
rv64uf-v-fclass	isa	PASS	0	10.425		campaigns/cpu-isa/rv64uf-v-fclass/simulation.log	cpu-isa
rv64uf-v-fcmp	isa	PASS	0	17.971		campaigns/cpu-isa/rv64uf-v-fcmp/simulation.log	cpu-isa
rv64uf-v-fcvt	isa	PASS	0	17.008		campaigns/cpu-isa/rv64uf-v-fcvt/simulation.log	cpu-isa
rv64uf-v-fcvt_w	isa	PASS	0	26.263		campaigns/cpu-isa/rv64uf-v-fcvt_w/simulation.log	cpu-isa
rv64uf-v-fdiv	isa	PASS	0	18.675		campaigns/cpu-isa/rv64uf-v-fdiv/simulation.log	cpu-isa
rv64uf-v-fmadd	isa	PASS	0	17.71		campaigns/cpu-isa/rv64uf-v-fmadd/simulation.log	cpu-isa
rv64uf-v-fmin	isa	PASS	0	17.616		campaigns/cpu-isa/rv64uf-v-fmin/simulation.log	cpu-isa
rv64uf-v-ldst	isa	PASS	0	16.76		campaigns/cpu-isa/rv64uf-v-ldst/simulation.log	cpu-isa
rv64uf-v-move	isa	PASS	0	9.818		campaigns/cpu-isa/rv64uf-v-move/simulation.log	cpu-isa
rv64uf-v-recoding	isa	PASS	0	17.009		campaigns/cpu-isa/rv64uf-v-recoding/simulation.log	cpu-isa
rv64ui-p-add	isa	PASS	0	1.978		campaigns/cpu-isa/rv64ui-p-add/simulation.log	cpu-isa
rv64ui-p-addi	isa	PASS	0	1.78		campaigns/cpu-isa/rv64ui-p-addi/simulation.log	cpu-isa
rv64ui-p-addiw	isa	PASS	0	1.626		campaigns/cpu-isa/rv64ui-p-addiw/simulation.log	cpu-isa
rv64ui-p-addw	isa	PASS	0	2.03		campaigns/cpu-isa/rv64ui-p-addw/simulation.log	cpu-isa
rv64ui-p-and	isa	PASS	0	1.977		campaigns/cpu-isa/rv64ui-p-and/simulation.log	cpu-isa
rv64ui-p-andi	isa	PASS	0	1.527		campaigns/cpu-isa/rv64ui-p-andi/simulation.log	cpu-isa
rv64ui-p-auipc	isa	PASS	0	1.223		campaigns/cpu-isa/rv64ui-p-auipc/simulation.log	cpu-isa
rv64ui-p-beq	isa	PASS	0	1.576		campaigns/cpu-isa/rv64ui-p-beq/simulation.log	cpu-isa
rv64ui-p-bge	isa	PASS	0	1.677		campaigns/cpu-isa/rv64ui-p-bge/simulation.log	cpu-isa
rv64ui-p-bgeu	isa	PASS	0	1.827		campaigns/cpu-isa/rv64ui-p-bgeu/simulation.log	cpu-isa
rv64ui-p-blt	isa	PASS	0	1.628		campaigns/cpu-isa/rv64ui-p-blt/simulation.log	cpu-isa
rv64ui-p-bltu	isa	PASS	0	1.776		campaigns/cpu-isa/rv64ui-p-bltu/simulation.log	cpu-isa
rv64ui-p-bne	isa	PASS	0	1.576		campaigns/cpu-isa/rv64ui-p-bne/simulation.log	cpu-isa
rv64ui-p-fence_i	isa	PASS	0	1.526		campaigns/cpu-isa/rv64ui-p-fence_i/simulation.log	cpu-isa
rv64ui-p-jal	isa	PASS	0	1.481		campaigns/cpu-isa/rv64ui-p-jal/simulation.log	cpu-isa
rv64ui-p-jalr	isa	PASS	0	1.781		campaigns/cpu-isa/rv64ui-p-jalr/simulation.log	cpu-isa
rv64ui-p-lb	isa	PASS	0	1.935		campaigns/cpu-isa/rv64ui-p-lb/simulation.log	cpu-isa
rv64ui-p-lbu	isa	PASS	0	1.83		campaigns/cpu-isa/rv64ui-p-lbu/simulation.log	cpu-isa
rv64ui-p-ld	isa	PASS	0	2.233		campaigns/cpu-isa/rv64ui-p-ld/simulation.log	cpu-isa
rv64ui-p-lh	isa	PASS	0	2.136		campaigns/cpu-isa/rv64ui-p-lh/simulation.log	cpu-isa
rv64ui-p-lhu	isa	PASS	0	1.83		campaigns/cpu-isa/rv64ui-p-lhu/simulation.log	cpu-isa
rv64ui-p-lui	isa	PASS	0	1.221		campaigns/cpu-isa/rv64ui-p-lui/simulation.log	cpu-isa
rv64ui-p-lw	isa	PASS	0	1.677		campaigns/cpu-isa/rv64ui-p-lw/simulation.log	cpu-isa
rv64ui-p-lwu	isa	PASS	0	1.827		campaigns/cpu-isa/rv64ui-p-lwu/simulation.log	cpu-isa
rv64ui-p-ma_data	isa	FAIL	255	1.074		campaigns/cpu-isa/rv64ui-p-ma_data/simulation.log	cpu-isa
rv64ui-p-or	isa	PASS	0	1.979		campaigns/cpu-isa/rv64ui-p-or/simulation.log	cpu-isa
rv64ui-p-ori	isa	PASS	0	1.425		campaigns/cpu-isa/rv64ui-p-ori/simulation.log	cpu-isa
rv64ui-p-sb	isa	PASS	0	1.975		campaigns/cpu-isa/rv64ui-p-sb/simulation.log	cpu-isa
rv64ui-p-sd	isa	PASS	0	2.281		campaigns/cpu-isa/rv64ui-p-sd/simulation.log	cpu-isa
rv64ui-p-sh	isa	PASS	0	2.079		campaigns/cpu-isa/rv64ui-p-sh/simulation.log	cpu-isa
rv64ui-p-simple	isa	PASS	0	1.123		campaigns/cpu-isa/rv64ui-p-simple/simulation.log	cpu-isa
rv64ui-p-sll	isa	PASS	0	2.03		campaigns/cpu-isa/rv64ui-p-sll/simulation.log	cpu-isa
rv64ui-p-slli	isa	PASS	0	1.628		campaigns/cpu-isa/rv64ui-p-slli/simulation.log	cpu-isa
rv64ui-p-slliw	isa	PASS	0	1.574		campaigns/cpu-isa/rv64ui-p-slliw/simulation.log	cpu-isa
rv64ui-p-sllw	isa	PASS	0	2.181		campaigns/cpu-isa/rv64ui-p-sllw/simulation.log	cpu-isa
rv64ui-p-slt	isa	PASS	0	1.98		campaigns/cpu-isa/rv64ui-p-slt/simulation.log	cpu-isa
rv64ui-p-slti	isa	PASS	0	1.474		campaigns/cpu-isa/rv64ui-p-slti/simulation.log	cpu-isa
rv64ui-p-sltiu	isa	PASS	0	1.425		campaigns/cpu-isa/rv64ui-p-sltiu/simulation.log	cpu-isa
rv64ui-p-sltu	isa	PASS	0	1.926		campaigns/cpu-isa/rv64ui-p-sltu/simulation.log	cpu-isa
rv64ui-p-sra	isa	PASS	0	1.927		campaigns/cpu-isa/rv64ui-p-sra/simulation.log	cpu-isa
rv64ui-p-srai	isa	PASS	0	1.575		campaigns/cpu-isa/rv64ui-p-srai/simulation.log	cpu-isa
rv64ui-p-sraiw	isa	PASS	0	1.726		campaigns/cpu-isa/rv64ui-p-sraiw/simulation.log	cpu-isa
rv64ui-p-sraw	isa	PASS	0	3.251		campaigns/cpu-isa/rv64ui-p-sraw/simulation.log	cpu-isa
rv64ui-p-srl	isa	PASS	0	3.411		campaigns/cpu-isa/rv64ui-p-srl/simulation.log	cpu-isa
rv64ui-p-srli	isa	PASS	0	3.203		campaigns/cpu-isa/rv64ui-p-srli/simulation.log	cpu-isa
rv64ui-p-srliw	isa	PASS	0	4.064		campaigns/cpu-isa/rv64ui-p-srliw/simulation.log	cpu-isa
rv64ui-p-srlw	isa	PASS	0	4.162		campaigns/cpu-isa/rv64ui-p-srlw/simulation.log	cpu-isa
rv64ui-p-sub	isa	PASS	0	4.268		campaigns/cpu-isa/rv64ui-p-sub/simulation.log	cpu-isa
rv64ui-p-subw	isa	PASS	0	3.751		campaigns/cpu-isa/rv64ui-p-subw/simulation.log	cpu-isa
rv64ui-p-sw	isa	PASS	0	5.064		campaigns/cpu-isa/rv64ui-p-sw/simulation.log	cpu-isa
rv64ui-p-xor	isa	PASS	0	4.313		campaigns/cpu-isa/rv64ui-p-xor/simulation.log	cpu-isa
rv64ui-p-xori	isa	PASS	0	3.676		campaigns/cpu-isa/rv64ui-p-xori/simulation.log	cpu-isa
rv64ui-v-add	isa	PASS	0	15.477		campaigns/cpu-isa/rv64ui-v-add/simulation.log	cpu-isa
rv64ui-v-addi	isa	PASS	0	22.609		campaigns/cpu-isa/rv64ui-v-addi/simulation.log	cpu-isa
rv64ui-v-addiw	isa	PASS	0	19.355		campaigns/cpu-isa/rv64ui-v-addiw/simulation.log	cpu-isa
rv64ui-v-addw	isa	PASS	0	18.059		campaigns/cpu-isa/rv64ui-v-addw/simulation.log	cpu-isa
rv64ui-v-and	isa	PASS	0	21.026		campaigns/cpu-isa/rv64ui-v-and/simulation.log	cpu-isa
rv64ui-v-andi	isa	PASS	0	9.917		campaigns/cpu-isa/rv64ui-v-andi/simulation.log	cpu-isa
rv64ui-v-auipc	isa	PASS	0	9.52		campaigns/cpu-isa/rv64ui-v-auipc/simulation.log	cpu-isa
rv64ui-v-beq	isa	PASS	0	10.272		campaigns/cpu-isa/rv64ui-v-beq/simulation.log	cpu-isa
rv64ui-v-bge	isa	PASS	0	10.125		campaigns/cpu-isa/rv64ui-v-bge/simulation.log	cpu-isa
rv64ui-v-bgeu	isa	PASS	0	10.583		campaigns/cpu-isa/rv64ui-v-bgeu/simulation.log	cpu-isa
rv64ui-v-blt	isa	PASS	0	10.528		campaigns/cpu-isa/rv64ui-v-blt/simulation.log	cpu-isa
rv64ui-v-bltu	isa	PASS	0	10.122		campaigns/cpu-isa/rv64ui-v-bltu/simulation.log	cpu-isa
rv64ui-v-bne	isa	PASS	0	10.271		campaigns/cpu-isa/rv64ui-v-bne/simulation.log	cpu-isa
rv64ui-v-fence_i	isa	PASS	0	16.1		campaigns/cpu-isa/rv64ui-v-fence_i/simulation.log	cpu-isa
rv64ui-v-jal	isa	PASS	0	9.668		campaigns/cpu-isa/rv64ui-v-jal/simulation.log	cpu-isa
rv64ui-v-jalr	isa	PASS	0	9.769		campaigns/cpu-isa/rv64ui-v-jalr/simulation.log	cpu-isa
rv64ui-v-lb	isa	PASS	0	17.465		campaigns/cpu-isa/rv64ui-v-lb/simulation.log	cpu-isa
rv64ui-v-lbu	isa	PASS	0	17.108		campaigns/cpu-isa/rv64ui-v-lbu/simulation.log	cpu-isa
rv64ui-v-ld	isa	PASS	0	16.903		campaigns/cpu-isa/rv64ui-v-ld/simulation.log	cpu-isa
rv64ui-v-lh	isa	PASS	0	17.56		campaigns/cpu-isa/rv64ui-v-lh/simulation.log	cpu-isa
rv64ui-v-lhu	isa	PASS	0	16.955		campaigns/cpu-isa/rv64ui-v-lhu/simulation.log	cpu-isa
rv64ui-v-lui	isa	PASS	0	10.275		campaigns/cpu-isa/rv64ui-v-lui/simulation.log	cpu-isa
rv64ui-v-lw	isa	PASS	0	16.954		campaigns/cpu-isa/rv64ui-v-lw/simulation.log	cpu-isa
rv64ui-v-lwu	isa	PASS	0	17.158		campaigns/cpu-isa/rv64ui-v-lwu/simulation.log	cpu-isa
rv64ui-v-ma_data	isa	WALL_TIMEOUT	0	300.117		campaigns/cpu-isa/rv64ui-v-ma_data/simulation.log	cpu-isa
rv64ui-v-or	isa	PASS	0	17.819		campaigns/cpu-isa/rv64ui-v-or/simulation.log	cpu-isa
rv64ui-v-ori	isa	PASS	0	9.971		campaigns/cpu-isa/rv64ui-v-ori/simulation.log	cpu-isa
rv64ui-v-sb	isa	PASS	0	17.008		campaigns/cpu-isa/rv64ui-v-sb/simulation.log	cpu-isa
rv64ui-v-sd	isa	PASS	0	26.049		campaigns/cpu-isa/rv64ui-v-sd/simulation.log	cpu-isa
rv64ui-v-sh	isa	PASS	0	17.16		campaigns/cpu-isa/rv64ui-v-sh/simulation.log	cpu-isa
rv64ui-v-simple	isa	PASS	0	10.08		campaigns/cpu-isa/rv64ui-v-simple/simulation.log	cpu-isa
rv64ui-v-sll	isa	PASS	0	17.159		campaigns/cpu-isa/rv64ui-v-sll/simulation.log	cpu-isa
rv64ui-v-slli	isa	PASS	0	10.173		campaigns/cpu-isa/rv64ui-v-slli/simulation.log	cpu-isa
rv64ui-v-slliw	isa	PASS	0	10.425		campaigns/cpu-isa/rv64ui-v-slliw/simulation.log	cpu-isa
rv64ui-v-sllw	isa	PASS	0	18.165		campaigns/cpu-isa/rv64ui-v-sllw/simulation.log	cpu-isa
rv64ui-v-slt	isa	PASS	0	10.317		campaigns/cpu-isa/rv64ui-v-slt/simulation.log	cpu-isa
rv64ui-v-slti	isa	PASS	0	9.771		campaigns/cpu-isa/rv64ui-v-slti/simulation.log	cpu-isa
rv64ui-v-sltiu	isa	PASS	0	10.676		campaigns/cpu-isa/rv64ui-v-sltiu/simulation.log	cpu-isa
rv64ui-v-sltu	isa	PASS	0	10.574		campaigns/cpu-isa/rv64ui-v-sltu/simulation.log	cpu-isa
rv64ui-v-sra	isa	PASS	0	17.307		campaigns/cpu-isa/rv64ui-v-sra/simulation.log	cpu-isa
rv64ui-v-srai	isa	PASS	0	9.919		campaigns/cpu-isa/rv64ui-v-srai/simulation.log	cpu-isa
rv64ui-v-sraiw	isa	PASS	0	10.074		campaigns/cpu-isa/rv64ui-v-sraiw/simulation.log	cpu-isa
rv64ui-v-sraw	isa	PASS	0	17.81		campaigns/cpu-isa/rv64ui-v-sraw/simulation.log	cpu-isa
rv64ui-v-srl	isa	PASS	0	18.014		campaigns/cpu-isa/rv64ui-v-srl/simulation.log	cpu-isa
rv64ui-v-srli	isa	PASS	0	10.325		campaigns/cpu-isa/rv64ui-v-srli/simulation.log	cpu-isa
rv64ui-v-srliw	isa	PASS	0	10.22		campaigns/cpu-isa/rv64ui-v-srliw/simulation.log	cpu-isa
rv64ui-v-srlw	isa	PASS	0	18.366		campaigns/cpu-isa/rv64ui-v-srlw/simulation.log	cpu-isa
rv64ui-v-sub	isa	PASS	0	10.673		campaigns/cpu-isa/rv64ui-v-sub/simulation.log	cpu-isa
rv64ui-v-subw	isa	PASS	0	10.828		campaigns/cpu-isa/rv64ui-v-subw/simulation.log	cpu-isa
rv64ui-v-sw	isa	PASS	0	18.323		campaigns/cpu-isa/rv64ui-v-sw/simulation.log	cpu-isa
rv64ui-v-xor	isa	PASS	0	18.823		campaigns/cpu-isa/rv64ui-v-xor/simulation.log	cpu-isa
rv64ui-v-xori	isa	PASS	0	10.423		campaigns/cpu-isa/rv64ui-v-xori/simulation.log	cpu-isa
rv64um-p-div	isa	PASS	0	1.426		campaigns/cpu-isa/rv64um-p-div/simulation.log	cpu-isa
rv64um-p-divu	isa	PASS	0	1.425		campaigns/cpu-isa/rv64um-p-divu/simulation.log	cpu-isa
rv64um-p-divuw	isa	PASS	0	1.323		campaigns/cpu-isa/rv64um-p-divuw/simulation.log	cpu-isa
rv64um-p-divw	isa	PASS	0	1.425		campaigns/cpu-isa/rv64um-p-divw/simulation.log	cpu-isa
rv64um-p-mul	isa	PASS	0	1.98		campaigns/cpu-isa/rv64um-p-mul/simulation.log	cpu-isa
rv64um-p-mulh	isa	PASS	0	1.93		campaigns/cpu-isa/rv64um-p-mulh/simulation.log	cpu-isa
rv64um-p-mulhsu	isa	PASS	0	1.929		campaigns/cpu-isa/rv64um-p-mulhsu/simulation.log	cpu-isa
rv64um-p-mulhu	isa	PASS	0	2.03		campaigns/cpu-isa/rv64um-p-mulhu/simulation.log	cpu-isa
rv64um-p-mulw	isa	PASS	0	1.983		campaigns/cpu-isa/rv64um-p-mulw/simulation.log	cpu-isa
rv64um-p-rem	isa	PASS	0	1.581		campaigns/cpu-isa/rv64um-p-rem/simulation.log	cpu-isa
rv64um-p-remu	isa	PASS	0	1.474		campaigns/cpu-isa/rv64um-p-remu/simulation.log	cpu-isa
rv64um-p-remuw	isa	PASS	0	1.471		campaigns/cpu-isa/rv64um-p-remuw/simulation.log	cpu-isa
rv64um-p-remw	isa	PASS	0	1.475		campaigns/cpu-isa/rv64um-p-remw/simulation.log	cpu-isa
rv64um-v-div	isa	PASS	0	9.669		campaigns/cpu-isa/rv64um-v-div/simulation.log	cpu-isa
rv64um-v-divu	isa	PASS	0	10.022		campaigns/cpu-isa/rv64um-v-divu/simulation.log	cpu-isa
rv64um-v-divuw	isa	PASS	0	9.72		campaigns/cpu-isa/rv64um-v-divuw/simulation.log	cpu-isa
rv64um-v-divw	isa	PASS	0	10.121		campaigns/cpu-isa/rv64um-v-divw/simulation.log	cpu-isa
rv64um-v-mul	isa	PASS	0	10.121		campaigns/cpu-isa/rv64um-v-mul/simulation.log	cpu-isa
rv64um-v-mulh	isa	PASS	0	10.421		campaigns/cpu-isa/rv64um-v-mulh/simulation.log	cpu-isa
rv64um-v-mulhsu	isa	PASS	0	10.828		campaigns/cpu-isa/rv64um-v-mulhsu/simulation.log	cpu-isa
rv64um-v-mulhu	isa	PASS	0	10.679		campaigns/cpu-isa/rv64um-v-mulhu/simulation.log	cpu-isa
rv64um-v-mulw	isa	PASS	0	10.472		campaigns/cpu-isa/rv64um-v-mulw/simulation.log	cpu-isa
rv64um-v-rem	isa	PASS	0	9.87		campaigns/cpu-isa/rv64um-v-rem/simulation.log	cpu-isa
rv64um-v-remu	isa	PASS	0	9.87		campaigns/cpu-isa/rv64um-v-remu/simulation.log	cpu-isa
rv64um-v-remuw	isa	PASS	0	10.02		campaigns/cpu-isa/rv64um-v-remuw/simulation.log	cpu-isa
rv64um-v-remw	isa	PASS	0	10.226		campaigns/cpu-isa/rv64um-v-remw/simulation.log	cpu-isa
rv64uzba-p-add_uw	isa	PASS	0	1.976		campaigns/cpu-isa/rv64uzba-p-add_uw/simulation.log	cpu-isa
rv64uzba-p-sh1add	isa	PASS	0	2.332		campaigns/cpu-isa/rv64uzba-p-sh1add/simulation.log	cpu-isa
rv64uzba-p-sh1add_uw	isa	PASS	0	1.976		campaigns/cpu-isa/rv64uzba-p-sh1add_uw/simulation.log	cpu-isa
rv64uzba-p-sh2add	isa	PASS	0	1.977		campaigns/cpu-isa/rv64uzba-p-sh2add/simulation.log	cpu-isa
rv64uzba-p-sh2add_uw	isa	PASS	0	1.992		campaigns/cpu-isa/rv64uzba-p-sh2add_uw/simulation.log	cpu-isa
rv64uzba-p-sh3add	isa	PASS	0	2.136		campaigns/cpu-isa/rv64uzba-p-sh3add/simulation.log	cpu-isa
rv64uzba-p-sh3add_uw	isa	PASS	0	1.977		campaigns/cpu-isa/rv64uzba-p-sh3add_uw/simulation.log	cpu-isa
rv64uzba-p-slli_uw	isa	PASS	0	1.524		campaigns/cpu-isa/rv64uzba-p-slli_uw/simulation.log	cpu-isa
rv64uzba-v-add_uw	isa	PASS	0	10.321		campaigns/cpu-isa/rv64uzba-v-add_uw/simulation.log	cpu-isa
rv64uzba-v-sh1add	isa	PASS	0	10.372		campaigns/cpu-isa/rv64uzba-v-sh1add/simulation.log	cpu-isa
rv64uzba-v-sh1add_uw	isa	PASS	0	10.223		campaigns/cpu-isa/rv64uzba-v-sh1add_uw/simulation.log	cpu-isa
rv64uzba-v-sh2add	isa	PASS	0	10.623		campaigns/cpu-isa/rv64uzba-v-sh2add/simulation.log	cpu-isa
rv64uzba-v-sh2add_uw	isa	PASS	0	12.044		campaigns/cpu-isa/rv64uzba-v-sh2add_uw/simulation.log	cpu-isa
rv64uzba-v-sh3add	isa	PASS	0	13.053		campaigns/cpu-isa/rv64uzba-v-sh3add/simulation.log	cpu-isa
rv64uzba-v-sh3add_uw	isa	PASS	0	12.398		campaigns/cpu-isa/rv64uzba-v-sh3add_uw/simulation.log	cpu-isa
rv64uzba-v-slli_uw	isa	PASS	0	12.451		campaigns/cpu-isa/rv64uzba-v-slli_uw/simulation.log	cpu-isa
rv64uzbb-p-andn	isa	PASS	0	3.138		campaigns/cpu-isa/rv64uzbb-p-andn/simulation.log	cpu-isa
rv64uzbb-p-clz	isa	PASS	0	2.953		campaigns/cpu-isa/rv64uzbb-p-clz/simulation.log	cpu-isa
rv64uzbb-p-clzw	isa	PASS	0	4.168		campaigns/cpu-isa/rv64uzbb-p-clzw/simulation.log	cpu-isa
rv64uzbb-p-cpop	isa	PASS	0	3.765		campaigns/cpu-isa/rv64uzbb-p-cpop/simulation.log	cpu-isa
rv64uzbb-p-cpopw	isa	PASS	0	2.903		campaigns/cpu-isa/rv64uzbb-p-cpopw/simulation.log	cpu-isa
rv64uzbb-p-ctz	isa	PASS	0	3.156		campaigns/cpu-isa/rv64uzbb-p-ctz/simulation.log	cpu-isa
rv64uzbb-p-ctzw	isa	PASS	0	3.852		campaigns/cpu-isa/rv64uzbb-p-ctzw/simulation.log	cpu-isa
rv64uzbb-p-max	isa	PASS	0	4.618		campaigns/cpu-isa/rv64uzbb-p-max/simulation.log	cpu-isa
rv64uzbb-p-maxu	isa	PASS	0	3.863		campaigns/cpu-isa/rv64uzbb-p-maxu/simulation.log	cpu-isa
rv64uzbb-p-min	isa	PASS	0	5.275		campaigns/cpu-isa/rv64uzbb-p-min/simulation.log	cpu-isa
rv64uzbb-p-minu	isa	PASS	0	4.117		campaigns/cpu-isa/rv64uzbb-p-minu/simulation.log	cpu-isa
rv64uzbb-p-orc_b	isa	PASS	0	4.241		campaigns/cpu-isa/rv64uzbb-p-orc_b/simulation.log	cpu-isa
rv64uzbb-p-orn	isa	PASS	0	5.189		campaigns/cpu-isa/rv64uzbb-p-orn/simulation.log	cpu-isa
rv64uzbb-p-rev8	isa	PASS	0	3.412		campaigns/cpu-isa/rv64uzbb-p-rev8/simulation.log	cpu-isa
rv64uzbb-p-rol	isa	PASS	0	5.733		campaigns/cpu-isa/rv64uzbb-p-rol/simulation.log	cpu-isa
rv64uzbb-p-rolw	isa	PASS	0	4.845		campaigns/cpu-isa/rv64uzbb-p-rolw/simulation.log	cpu-isa
rv64uzbb-p-ror	isa	PASS	0	5.437		campaigns/cpu-isa/rv64uzbb-p-ror/simulation.log	cpu-isa
rv64uzbb-p-rori	isa	PASS	0	3.425		campaigns/cpu-isa/rv64uzbb-p-rori/simulation.log	cpu-isa
rv64uzbb-p-roriw	isa	PASS	0	3.963		campaigns/cpu-isa/rv64uzbb-p-roriw/simulation.log	cpu-isa
rv64uzbb-p-rorw	isa	PASS	0	4.83		campaigns/cpu-isa/rv64uzbb-p-rorw/simulation.log	cpu-isa
rv64uzbb-p-sext_b	isa	PASS	0	3.774		campaigns/cpu-isa/rv64uzbb-p-sext_b/simulation.log	cpu-isa
rv64uzbb-p-sext_h	isa	PASS	0	4.431		campaigns/cpu-isa/rv64uzbb-p-sext_h/simulation.log	cpu-isa
rv64uzbb-p-xnor	isa	PASS	0	4.834		campaigns/cpu-isa/rv64uzbb-p-xnor/simulation.log	cpu-isa
rv64uzbb-p-zext_h	isa	PASS	0	3.412		campaigns/cpu-isa/rv64uzbb-p-zext_h/simulation.log	cpu-isa
rv64uzbb-v-andn	isa	PASS	0	31.224		campaigns/cpu-isa/rv64uzbb-v-andn/simulation.log	cpu-isa
rv64uzbb-v-clz	isa	PASS	0	20.863		campaigns/cpu-isa/rv64uzbb-v-clz/simulation.log	cpu-isa
rv64uzbb-v-clzw	isa	PASS	0	13.405		campaigns/cpu-isa/rv64uzbb-v-clzw/simulation.log	cpu-isa
rv64uzbb-v-cpop	isa	PASS	0	12.248		campaigns/cpu-isa/rv64uzbb-v-cpop/simulation.log	cpu-isa
rv64uzbb-v-cpopw	isa	PASS	0	12.701		campaigns/cpu-isa/rv64uzbb-v-cpopw/simulation.log	cpu-isa
rv64uzbb-v-ctz	isa	PASS	0	12.798		campaigns/cpu-isa/rv64uzbb-v-ctz/simulation.log	cpu-isa
rv64uzbb-v-ctzw	isa	PASS	0	11.997		campaigns/cpu-isa/rv64uzbb-v-ctzw/simulation.log	cpu-isa
rv64uzbb-v-max	isa	PASS	0	10.42		campaigns/cpu-isa/rv64uzbb-v-max/simulation.log	cpu-isa
rv64uzbb-v-maxu	isa	PASS	0	18.52		campaigns/cpu-isa/rv64uzbb-v-maxu/simulation.log	cpu-isa
rv64uzbb-v-min	isa	PASS	0	10.323		campaigns/cpu-isa/rv64uzbb-v-min/simulation.log	cpu-isa
rv64uzbb-v-minu	isa	PASS	0	10.824		campaigns/cpu-isa/rv64uzbb-v-minu/simulation.log	cpu-isa
rv64uzbb-v-orc_b	isa	PASS	0	10.829		campaigns/cpu-isa/rv64uzbb-v-orc_b/simulation.log	cpu-isa
rv64uzbb-v-orn	isa	PASS	0	17.768		campaigns/cpu-isa/rv64uzbb-v-orn/simulation.log	cpu-isa
rv64uzbb-v-rev8	isa	PASS	0	10.272		campaigns/cpu-isa/rv64uzbb-v-rev8/simulation.log	cpu-isa
rv64uzbb-v-rol	isa	PASS	0	18.416		campaigns/cpu-isa/rv64uzbb-v-rol/simulation.log	cpu-isa
rv64uzbb-v-rolw	isa	PASS	0	18.318		campaigns/cpu-isa/rv64uzbb-v-rolw/simulation.log	cpu-isa
rv64uzbb-v-ror	isa	PASS	0	18.671		campaigns/cpu-isa/rv64uzbb-v-ror/simulation.log	cpu-isa
rv64uzbb-v-rori	isa	PASS	0	10.932		campaigns/cpu-isa/rv64uzbb-v-rori/simulation.log	cpu-isa
rv64uzbb-v-roriw	isa	PASS	0	10.885		campaigns/cpu-isa/rv64uzbb-v-roriw/simulation.log	cpu-isa
rv64uzbb-v-rorw	isa	PASS	0	18.63		campaigns/cpu-isa/rv64uzbb-v-rorw/simulation.log	cpu-isa
rv64uzbb-v-sext_b	isa	PASS	0	11.484		campaigns/cpu-isa/rv64uzbb-v-sext_b/simulation.log	cpu-isa
rv64uzbb-v-sext_h	isa	PASS	0	12.093		campaigns/cpu-isa/rv64uzbb-v-sext_h/simulation.log	cpu-isa
rv64uzbb-v-xnor	isa	PASS	0	22.831		campaigns/cpu-isa/rv64uzbb-v-xnor/simulation.log	cpu-isa
rv64uzbb-v-zext_h	isa	PASS	0	14.593		campaigns/cpu-isa/rv64uzbb-v-zext_h/simulation.log	cpu-isa
rv64uzbc-p-clmul	isa	FAIL	255	1.276		campaigns/cpu-isa/rv64uzbc-p-clmul/simulation.log	cpu-isa
rv64uzbc-p-clmulh	isa	FAIL	255	1.224		campaigns/cpu-isa/rv64uzbc-p-clmulh/simulation.log	cpu-isa
rv64uzbc-p-clmulr	isa	FAIL	255	1.275		campaigns/cpu-isa/rv64uzbc-p-clmulr/simulation.log	cpu-isa
rv64uzbc-v-clmul	isa	WALL_TIMEOUT	0	300.117		campaigns/cpu-isa/rv64uzbc-v-clmul/simulation.log	cpu-isa
rv64uzbc-v-clmulh	isa	WALL_TIMEOUT	0	300.067		campaigns/cpu-isa/rv64uzbc-v-clmulh/simulation.log	cpu-isa
rv64uzbc-v-clmulr	isa	WALL_TIMEOUT	0	300.07		campaigns/cpu-isa/rv64uzbc-v-clmulr/simulation.log	cpu-isa
rv64uzbs-p-bclr	isa	PASS	0	2.431		campaigns/cpu-isa/rv64uzbs-p-bclr/simulation.log	cpu-isa
rv64uzbs-p-bclri	isa	PASS	0	1.831		campaigns/cpu-isa/rv64uzbs-p-bclri/simulation.log	cpu-isa
rv64uzbs-p-bext	isa	PASS	0	2.285		campaigns/cpu-isa/rv64uzbs-p-bext/simulation.log	cpu-isa
rv64uzbs-p-bexti	isa	PASS	0	1.933		campaigns/cpu-isa/rv64uzbs-p-bexti/simulation.log	cpu-isa
rv64uzbs-p-binv	isa	PASS	0	2.129		campaigns/cpu-isa/rv64uzbs-p-binv/simulation.log	cpu-isa
rv64uzbs-p-binvi	isa	PASS	0	1.674		campaigns/cpu-isa/rv64uzbs-p-binvi/simulation.log	cpu-isa
rv64uzbs-p-bset	isa	PASS	0	2.33		campaigns/cpu-isa/rv64uzbs-p-bset/simulation.log	cpu-isa
rv64uzbs-p-bseti	isa	PASS	0	2.439		campaigns/cpu-isa/rv64uzbs-p-bseti/simulation.log	cpu-isa
rv64uzbs-v-bclr	isa	PASS	0	19.137		campaigns/cpu-isa/rv64uzbs-v-bclr/simulation.log	cpu-isa
rv64uzbs-v-bclri	isa	PASS	0	11.237		campaigns/cpu-isa/rv64uzbs-v-bclri/simulation.log	cpu-isa
rv64uzbs-v-bext	isa	PASS	0	19.494		campaigns/cpu-isa/rv64uzbs-v-bext/simulation.log	cpu-isa
rv64uzbs-v-bexti	isa	PASS	0	10.983		campaigns/cpu-isa/rv64uzbs-v-bexti/simulation.log	cpu-isa
rv64uzbs-v-binv	isa	PASS	0	19.238		campaigns/cpu-isa/rv64uzbs-v-binv/simulation.log	cpu-isa
rv64uzbs-v-binvi	isa	PASS	0	11.033		campaigns/cpu-isa/rv64uzbs-v-binvi/simulation.log	cpu-isa
rv64uzbs-v-bset	isa	PASS	0	18.366		campaigns/cpu-isa/rv64uzbs-v-bset/simulation.log	cpu-isa
rv64uzbs-v-bseti	isa	PASS	0	12.087		campaigns/cpu-isa/rv64uzbs-v-bseti/simulation.log	cpu-isa
rv64uzfh-p-fadd	isa	PASS	0	2.027		campaigns/cpu-isa/rv64uzfh-p-fadd/simulation.log	cpu-isa
rv64uzfh-p-fclass	isa	PASS	0	1.929		campaigns/cpu-isa/rv64uzfh-p-fclass/simulation.log	cpu-isa
rv64uzfh-p-fcmp	isa	PASS	0	1.633		campaigns/cpu-isa/rv64uzfh-p-fcmp/simulation.log	cpu-isa
rv64uzfh-p-fcvt	isa	PASS	0	1.886		campaigns/cpu-isa/rv64uzfh-p-fcvt/simulation.log	cpu-isa
rv64uzfh-p-fcvt_w	isa	PASS	0	2.983		campaigns/cpu-isa/rv64uzfh-p-fcvt_w/simulation.log	cpu-isa
rv64uzfh-p-fdiv	isa	PASS	0	1.628		campaigns/cpu-isa/rv64uzfh-p-fdiv/simulation.log	cpu-isa
rv64uzfh-p-fmadd	isa	PASS	0	1.576		campaigns/cpu-isa/rv64uzfh-p-fmadd/simulation.log	cpu-isa
rv64uzfh-p-fmin	isa	PASS	0	1.877		campaigns/cpu-isa/rv64uzfh-p-fmin/simulation.log	cpu-isa
rv64uzfh-p-ldst	isa	PASS	0	1.276		campaigns/cpu-isa/rv64uzfh-p-ldst/simulation.log	cpu-isa
rv64uzfh-p-move	isa	PASS	0	1.574		campaigns/cpu-isa/rv64uzfh-p-move/simulation.log	cpu-isa
rv64uzfh-p-recoding	isa	PASS	0	1.222		campaigns/cpu-isa/rv64uzfh-p-recoding/simulation.log	cpu-isa
rv64uzfh-v-fadd	isa	PASS	0	19.187		campaigns/cpu-isa/rv64uzfh-v-fadd/simulation.log	cpu-isa
rv64uzfh-v-fclass	isa	PASS	0	11.082		campaigns/cpu-isa/rv64uzfh-v-fclass/simulation.log	cpu-isa
rv64uzfh-v-fcmp	isa	PASS	0	18.933		campaigns/cpu-isa/rv64uzfh-v-fcmp/simulation.log	cpu-isa
rv64uzfh-v-fcvt	isa	PASS	0	18.732		campaigns/cpu-isa/rv64uzfh-v-fcvt/simulation.log	cpu-isa
rv64uzfh-v-fcvt_w	isa	PASS	0	27.693		campaigns/cpu-isa/rv64uzfh-v-fcvt_w/simulation.log	cpu-isa
rv64uzfh-v-fdiv	isa	PASS	0	18.124		campaigns/cpu-isa/rv64uzfh-v-fdiv/simulation.log	cpu-isa
rv64uzfh-v-fmadd	isa	PASS	0	17.31		campaigns/cpu-isa/rv64uzfh-v-fmadd/simulation.log	cpu-isa
rv64uzfh-v-fmin	isa	PASS	0	17.463		campaigns/cpu-isa/rv64uzfh-v-fmin/simulation.log	cpu-isa
rv64uzfh-v-ldst	isa	PASS	0	16.554		campaigns/cpu-isa/rv64uzfh-v-ldst/simulation.log	cpu-isa
rv64uzfh-v-move	isa	PASS	0	10.221		campaigns/cpu-isa/rv64uzfh-v-move/simulation.log	cpu-isa
rv64uzfh-v-recoding	isa	PASS	0	17.093		campaigns/cpu-isa/rv64uzfh-v-recoding/simulation.log	cpu-isa
spmv	benchmark-configured	PASS	0	74.43		campaigns/cpu-bench/spmv/simulation.log	cpu-bench
towers	benchmark-configured	PASS	0	14.674		campaigns/cpu-bench/towers/simulation.log	cpu-bench
vvadd	benchmark-configured	PASS	0	14.559		campaigns/cpu-bench/vvadd/simulation.log	cpu-bench
