test	suite	result	exit_status	wall_seconds	cycles	log
rv64mi-p-breakpoint	isa	PASS	0	1.629		${CAMPAIGN_ROOT}/cpu-isa/rv64mi-p-breakpoint/simulation.log
rv64mi-p-access	isa	PASS	0	1.683		${CAMPAIGN_ROOT}/cpu-isa/rv64mi-p-access/simulation.log
rv64mi-p-csr	isa	PASS	0	1.935		${CAMPAIGN_ROOT}/cpu-isa/rv64mi-p-csr/simulation.log
rv64mi-p-illegal	isa	PASS	0	2.031		${CAMPAIGN_ROOT}/cpu-isa/rv64mi-p-illegal/simulation.log
rv64mi-p-lh-misaligned	isa	PASS	0	1.277		${CAMPAIGN_ROOT}/cpu-isa/rv64mi-p-lh-misaligned/simulation.log
rv64mi-p-ld-misaligned	isa	PASS	0	1.777		${CAMPAIGN_ROOT}/cpu-isa/rv64mi-p-ld-misaligned/simulation.log
rv64mi-p-lw-misaligned	isa	PASS	0	1.327		${CAMPAIGN_ROOT}/cpu-isa/rv64mi-p-lw-misaligned/simulation.log
rv64mi-p-ma_addr	isa	PASS	0	2.178		${CAMPAIGN_ROOT}/cpu-isa/rv64mi-p-ma_addr/simulation.log
rv64mi-p-ma_fetch	isa	PASS	0	1.276		${CAMPAIGN_ROOT}/cpu-isa/rv64mi-p-ma_fetch/simulation.log
rv64mi-p-sbreak	isa	PASS	0	1.278		${CAMPAIGN_ROOT}/cpu-isa/rv64mi-p-sbreak/simulation.log
rv64mi-p-mcsr	isa	PASS	0	1.382		${CAMPAIGN_ROOT}/cpu-isa/rv64mi-p-mcsr/simulation.log
rv64mi-p-scall	isa	PASS	0	1.271		${CAMPAIGN_ROOT}/cpu-isa/rv64mi-p-scall/simulation.log
rv64mi-p-sd-misaligned	isa	PASS	0	1.723		${CAMPAIGN_ROOT}/cpu-isa/rv64mi-p-sd-misaligned/simulation.log
rv64mi-p-sh-misaligned	isa	PASS	0	1.223		${CAMPAIGN_ROOT}/cpu-isa/rv64mi-p-sh-misaligned/simulation.log
rv64mi-p-sw-misaligned	isa	PASS	0	1.327		${CAMPAIGN_ROOT}/cpu-isa/rv64mi-p-sw-misaligned/simulation.log
rv64mi-p-zicntr	isa	PASS	0	1.225		${CAMPAIGN_ROOT}/cpu-isa/rv64mi-p-zicntr/simulation.log
rv64mzicbo-p-zero	isa	FAIL	255	1.224		${CAMPAIGN_ROOT}/cpu-isa/rv64mzicbo-p-zero/simulation.log
rv64si-p-csr	isa	PASS	0	1.474		${CAMPAIGN_ROOT}/cpu-isa/rv64si-p-csr/simulation.log
rv64si-p-dirty	isa	PASS	0	1.425		${CAMPAIGN_ROOT}/cpu-isa/rv64si-p-dirty/simulation.log
rv64si-p-icache-alias	isa	PASS	0	1.676		${CAMPAIGN_ROOT}/cpu-isa/rv64si-p-icache-alias/simulation.log
rv64si-p-ma_fetch	isa	PASS	0	1.324		${CAMPAIGN_ROOT}/cpu-isa/rv64si-p-ma_fetch/simulation.log
rv64si-p-sbreak	isa	PASS	0	1.222		${CAMPAIGN_ROOT}/cpu-isa/rv64si-p-sbreak/simulation.log
rv64si-p-scall	isa	PASS	0	1.275		${CAMPAIGN_ROOT}/cpu-isa/rv64si-p-scall/simulation.log
rv64si-p-wfi	isa	PASS	0	1.224		${CAMPAIGN_ROOT}/cpu-isa/rv64si-p-wfi/simulation.log
rv64ssvnapot-p-napot	isa	PASS	0	1.58		${CAMPAIGN_ROOT}/cpu-isa/rv64ssvnapot-p-napot/simulation.log
rv64ua-p-amoadd_d	isa	PASS	0	1.225		${CAMPAIGN_ROOT}/cpu-isa/rv64ua-p-amoadd_d/simulation.log
rv64ua-p-amoadd_w	isa	PASS	0	1.227		${CAMPAIGN_ROOT}/cpu-isa/rv64ua-p-amoadd_w/simulation.log
rv64ua-p-amoand_d	isa	PASS	0	1.223		${CAMPAIGN_ROOT}/cpu-isa/rv64ua-p-amoand_d/simulation.log
rv64ua-p-amoand_w	isa	PASS	0	1.227		${CAMPAIGN_ROOT}/cpu-isa/rv64ua-p-amoand_w/simulation.log
rv64ua-p-amomax_d	isa	PASS	0	1.226		${CAMPAIGN_ROOT}/cpu-isa/rv64ua-p-amomax_d/simulation.log
rv64ua-p-amomax_w	isa	PASS	0	1.276		${CAMPAIGN_ROOT}/cpu-isa/rv64ua-p-amomax_w/simulation.log
rv64ua-p-amomaxu_d	isa	PASS	0	1.275		${CAMPAIGN_ROOT}/cpu-isa/rv64ua-p-amomaxu_d/simulation.log
rv64ua-p-amomaxu_w	isa	PASS	0	1.276		${CAMPAIGN_ROOT}/cpu-isa/rv64ua-p-amomaxu_w/simulation.log
rv64ua-p-amomin_d	isa	PASS	0	1.227		${CAMPAIGN_ROOT}/cpu-isa/rv64ua-p-amomin_d/simulation.log
rv64ua-p-amomin_w	isa	PASS	0	1.277		${CAMPAIGN_ROOT}/cpu-isa/rv64ua-p-amomin_w/simulation.log
rv64ua-p-amominu_d	isa	PASS	0	1.227		${CAMPAIGN_ROOT}/cpu-isa/rv64ua-p-amominu_d/simulation.log
rv64ua-p-amominu_w	isa	PASS	0	1.222		${CAMPAIGN_ROOT}/cpu-isa/rv64ua-p-amominu_w/simulation.log
rv64ua-p-amoor_d	isa	PASS	0	1.226		${CAMPAIGN_ROOT}/cpu-isa/rv64ua-p-amoor_d/simulation.log
rv64ua-p-amoor_w	isa	PASS	0	1.224		${CAMPAIGN_ROOT}/cpu-isa/rv64ua-p-amoor_w/simulation.log
rv64ua-p-amoswap_d	isa	PASS	0	1.226		${CAMPAIGN_ROOT}/cpu-isa/rv64ua-p-amoswap_d/simulation.log
rv64ua-p-amoswap_w	isa	PASS	0	1.225		${CAMPAIGN_ROOT}/cpu-isa/rv64ua-p-amoswap_w/simulation.log
rv64ua-p-amoxor_d	isa	PASS	0	1.225		${CAMPAIGN_ROOT}/cpu-isa/rv64ua-p-amoxor_d/simulation.log
rv64ua-p-amoxor_w	isa	PASS	0	1.223		${CAMPAIGN_ROOT}/cpu-isa/rv64ua-p-amoxor_w/simulation.log
rv64ua-p-lrsc	isa	PASS	0	6.456		${CAMPAIGN_ROOT}/cpu-isa/rv64ua-p-lrsc/simulation.log
rv64ua-v-amoadd_d	isa	PASS	0	16.766		${CAMPAIGN_ROOT}/cpu-isa/rv64ua-v-amoadd_d/simulation.log
rv64ua-v-amoadd_w	isa	PASS	0	16.153		${CAMPAIGN_ROOT}/cpu-isa/rv64ua-v-amoadd_w/simulation.log
rv64ua-v-amoand_d	isa	PASS	0	16.004		${CAMPAIGN_ROOT}/cpu-isa/rv64ua-v-amoand_d/simulation.log
rv64ua-v-amoand_w	isa	PASS	0	16.608		${CAMPAIGN_ROOT}/cpu-isa/rv64ua-v-amoand_w/simulation.log
rv64ua-v-amomax_d	isa	PASS	0	16.203		${CAMPAIGN_ROOT}/cpu-isa/rv64ua-v-amomax_d/simulation.log
rv64ua-v-amomax_w	isa	PASS	0	17.011		${CAMPAIGN_ROOT}/cpu-isa/rv64ua-v-amomax_w/simulation.log
rv64ua-v-amomaxu_d	isa	PASS	0	16.764		${CAMPAIGN_ROOT}/cpu-isa/rv64ua-v-amomaxu_d/simulation.log
rv64ua-v-amomaxu_w	isa	PASS	0	19.184		${CAMPAIGN_ROOT}/cpu-isa/rv64ua-v-amomaxu_w/simulation.log
rv64ua-v-amomin_d	isa	PASS	0	20.8		${CAMPAIGN_ROOT}/cpu-isa/rv64ua-v-amomin_d/simulation.log
rv64ua-v-amomin_w	isa	PASS	0	20.907		${CAMPAIGN_ROOT}/cpu-isa/rv64ua-v-amomin_w/simulation.log
rv64ua-v-amominu_d	isa	PASS	0	20.852		${CAMPAIGN_ROOT}/cpu-isa/rv64ua-v-amominu_d/simulation.log
rv64ua-v-amominu_w	isa	PASS	0	20.955		${CAMPAIGN_ROOT}/cpu-isa/rv64ua-v-amominu_w/simulation.log
rv64ua-v-amoor_d	isa	PASS	0	21.41		${CAMPAIGN_ROOT}/cpu-isa/rv64ua-v-amoor_d/simulation.log
rv64ua-v-amoor_w	isa	PASS	0	20.35		${CAMPAIGN_ROOT}/cpu-isa/rv64ua-v-amoor_w/simulation.log
rv64ua-v-amoswap_d	isa	PASS	0	20.606		${CAMPAIGN_ROOT}/cpu-isa/rv64ua-v-amoswap_d/simulation.log
rv64ua-v-amoswap_w	isa	PASS	0	20.302		${CAMPAIGN_ROOT}/cpu-isa/rv64ua-v-amoswap_w/simulation.log
rv64ua-v-amoxor_d	isa	PASS	0	20.451		${CAMPAIGN_ROOT}/cpu-isa/rv64ua-v-amoxor_d/simulation.log
rv64ua-v-amoxor_w	isa	PASS	0	21.208		${CAMPAIGN_ROOT}/cpu-isa/rv64ua-v-amoxor_w/simulation.log
rv64uc-p-rvc	isa	PASS	0	2.186		${CAMPAIGN_ROOT}/cpu-isa/rv64uc-p-rvc/simulation.log
rv64ua-v-lrsc	isa	PASS	0	27.102		${CAMPAIGN_ROOT}/cpu-isa/rv64ua-v-lrsc/simulation.log
rv64ud-p-fadd	isa	PASS	0	2.037		${CAMPAIGN_ROOT}/cpu-isa/rv64ud-p-fadd/simulation.log
rv64ud-p-fclass	isa	PASS	0	1.63		${CAMPAIGN_ROOT}/cpu-isa/rv64ud-p-fclass/simulation.log
rv64ud-p-fcmp	isa	PASS	0	2.685		${CAMPAIGN_ROOT}/cpu-isa/rv64ud-p-fcmp/simulation.log
rv64ud-p-fcvt	isa	PASS	0	1.881		${CAMPAIGN_ROOT}/cpu-isa/rv64ud-p-fcvt/simulation.log
rv64ud-p-fcvt_w	isa	PASS	0	3.595		${CAMPAIGN_ROOT}/cpu-isa/rv64ud-p-fcvt_w/simulation.log
rv64ud-p-fdiv	isa	PASS	0	2.136		${CAMPAIGN_ROOT}/cpu-isa/rv64ud-p-fdiv/simulation.log
rv64uc-v-rvc	isa	PASS	0	32.124		${CAMPAIGN_ROOT}/cpu-isa/rv64uc-v-rvc/simulation.log
rv64ud-p-fmadd	isa	PASS	0	2.137		${CAMPAIGN_ROOT}/cpu-isa/rv64ud-p-fmadd/simulation.log
rv64ud-p-ldst	isa	PASS	0	1.778		${CAMPAIGN_ROOT}/cpu-isa/rv64ud-p-ldst/simulation.log
rv64ud-p-fmin	isa	PASS	0	2.487		${CAMPAIGN_ROOT}/cpu-isa/rv64ud-p-fmin/simulation.log
rv64ud-p-recoding	isa	PASS	0	1.878		${CAMPAIGN_ROOT}/cpu-isa/rv64ud-p-recoding/simulation.log
rv64ud-p-move	isa	PASS	0	3.899		${CAMPAIGN_ROOT}/cpu-isa/rv64ud-p-move/simulation.log
rv64ud-p-structural	isa	PASS	0	1.885		${CAMPAIGN_ROOT}/cpu-isa/rv64ud-p-structural/simulation.log
rv64ud-v-fclass	isa	PASS	0	12.701		${CAMPAIGN_ROOT}/cpu-isa/rv64ud-v-fclass/simulation.log
rv64ud-v-fadd	isa	PASS	0	21.757		${CAMPAIGN_ROOT}/cpu-isa/rv64ud-v-fadd/simulation.log
rv64ud-v-fcmp	isa	PASS	0	22.913		${CAMPAIGN_ROOT}/cpu-isa/rv64ud-v-fcmp/simulation.log
rv64ud-v-fcvt	isa	PASS	0	21.56		${CAMPAIGN_ROOT}/cpu-isa/rv64ud-v-fcvt/simulation.log
rv64ud-v-fdiv	isa	PASS	0	22.164		${CAMPAIGN_ROOT}/cpu-isa/rv64ud-v-fdiv/simulation.log
rv64ud-v-fcvt_w	isa	PASS	0	32.628		${CAMPAIGN_ROOT}/cpu-isa/rv64ud-v-fcvt_w/simulation.log
rv64ud-v-fmadd	isa	PASS	0	19.547		${CAMPAIGN_ROOT}/cpu-isa/rv64ud-v-fmadd/simulation.log
rv64ud-v-fmin	isa	PASS	0	18.776		${CAMPAIGN_ROOT}/cpu-isa/rv64ud-v-fmin/simulation.log
rv64ud-v-ldst	isa	PASS	0	16.561		${CAMPAIGN_ROOT}/cpu-isa/rv64ud-v-ldst/simulation.log
rv64ud-v-move	isa	PASS	0	18.769		${CAMPAIGN_ROOT}/cpu-isa/rv64ud-v-move/simulation.log
rv64ud-v-structural	isa	PASS	0	10.222		${CAMPAIGN_ROOT}/cpu-isa/rv64ud-v-structural/simulation.log
rv64uf-p-fadd	isa	PASS	0	1.623		${CAMPAIGN_ROOT}/cpu-isa/rv64uf-p-fadd/simulation.log
rv64ud-v-recoding	isa	PASS	0	16.655		${CAMPAIGN_ROOT}/cpu-isa/rv64ud-v-recoding/simulation.log
rv64uf-p-fclass	isa	PASS	0	1.323		${CAMPAIGN_ROOT}/cpu-isa/rv64uf-p-fclass/simulation.log
rv64uf-p-fcmp	isa	PASS	0	1.675		${CAMPAIGN_ROOT}/cpu-isa/rv64uf-p-fcmp/simulation.log
rv64uf-p-fcvt	isa	PASS	0	1.322		${CAMPAIGN_ROOT}/cpu-isa/rv64uf-p-fcvt/simulation.log
rv64uf-p-fdiv	isa	PASS	0	1.477		${CAMPAIGN_ROOT}/cpu-isa/rv64uf-p-fdiv/simulation.log
rv64uf-p-fcvt_w	isa	PASS	0	2.379		${CAMPAIGN_ROOT}/cpu-isa/rv64uf-p-fcvt_w/simulation.log
rv64uf-p-fmadd	isa	PASS	0	1.625		${CAMPAIGN_ROOT}/cpu-isa/rv64uf-p-fmadd/simulation.log
rv64uf-p-fmin	isa	PASS	0	1.927		${CAMPAIGN_ROOT}/cpu-isa/rv64uf-p-fmin/simulation.log
rv64uf-p-ldst	isa	PASS	0	1.426		${CAMPAIGN_ROOT}/cpu-isa/rv64uf-p-ldst/simulation.log
rv64uf-p-move	isa	PASS	0	1.73		${CAMPAIGN_ROOT}/cpu-isa/rv64uf-p-move/simulation.log
rv64uf-p-recoding	isa	PASS	0	1.274		${CAMPAIGN_ROOT}/cpu-isa/rv64uf-p-recoding/simulation.log
rv64uf-v-fclass	isa	PASS	0	10.425		${CAMPAIGN_ROOT}/cpu-isa/rv64uf-v-fclass/simulation.log
rv64uf-v-fadd	isa	PASS	0	18.769		${CAMPAIGN_ROOT}/cpu-isa/rv64uf-v-fadd/simulation.log
rv64uf-v-fcmp	isa	PASS	0	17.971		${CAMPAIGN_ROOT}/cpu-isa/rv64uf-v-fcmp/simulation.log
rv64uf-v-fcvt	isa	PASS	0	17.008		${CAMPAIGN_ROOT}/cpu-isa/rv64uf-v-fcvt/simulation.log
rv64uf-v-fdiv	isa	PASS	0	18.675		${CAMPAIGN_ROOT}/cpu-isa/rv64uf-v-fdiv/simulation.log
rv64uf-v-fcvt_w	isa	PASS	0	26.263		${CAMPAIGN_ROOT}/cpu-isa/rv64uf-v-fcvt_w/simulation.log
rv64uf-v-fmadd	isa	PASS	0	17.71		${CAMPAIGN_ROOT}/cpu-isa/rv64uf-v-fmadd/simulation.log
rv64uf-v-fmin	isa	PASS	0	17.616		${CAMPAIGN_ROOT}/cpu-isa/rv64uf-v-fmin/simulation.log
rv64uf-v-move	isa	PASS	0	9.818		${CAMPAIGN_ROOT}/cpu-isa/rv64uf-v-move/simulation.log
rv64uf-v-ldst	isa	PASS	0	16.76		${CAMPAIGN_ROOT}/cpu-isa/rv64uf-v-ldst/simulation.log
rv64ui-p-add	isa	PASS	0	1.978		${CAMPAIGN_ROOT}/cpu-isa/rv64ui-p-add/simulation.log
rv64ui-p-addi	isa	PASS	0	1.78		${CAMPAIGN_ROOT}/cpu-isa/rv64ui-p-addi/simulation.log
rv64ui-p-addiw	isa	PASS	0	1.626		${CAMPAIGN_ROOT}/cpu-isa/rv64ui-p-addiw/simulation.log
rv64ui-p-addw	isa	PASS	0	2.03		${CAMPAIGN_ROOT}/cpu-isa/rv64ui-p-addw/simulation.log
rv64ui-p-and	isa	PASS	0	1.977		${CAMPAIGN_ROOT}/cpu-isa/rv64ui-p-and/simulation.log
rv64uf-v-recoding	isa	PASS	0	17.009		${CAMPAIGN_ROOT}/cpu-isa/rv64uf-v-recoding/simulation.log
rv64ui-p-andi	isa	PASS	0	1.527		${CAMPAIGN_ROOT}/cpu-isa/rv64ui-p-andi/simulation.log
rv64ui-p-auipc	isa	PASS	0	1.223		${CAMPAIGN_ROOT}/cpu-isa/rv64ui-p-auipc/simulation.log
rv64ui-p-beq	isa	PASS	0	1.576		${CAMPAIGN_ROOT}/cpu-isa/rv64ui-p-beq/simulation.log
rv64ui-p-bge	isa	PASS	0	1.677		${CAMPAIGN_ROOT}/cpu-isa/rv64ui-p-bge/simulation.log
rv64ui-p-bgeu	isa	PASS	0	1.827		${CAMPAIGN_ROOT}/cpu-isa/rv64ui-p-bgeu/simulation.log
rv64ui-p-blt	isa	PASS	0	1.628		${CAMPAIGN_ROOT}/cpu-isa/rv64ui-p-blt/simulation.log
rv64ui-p-bltu	isa	PASS	0	1.776		${CAMPAIGN_ROOT}/cpu-isa/rv64ui-p-bltu/simulation.log
rv64ui-p-bne	isa	PASS	0	1.576		${CAMPAIGN_ROOT}/cpu-isa/rv64ui-p-bne/simulation.log
rv64ui-p-fence_i	isa	PASS	0	1.526		${CAMPAIGN_ROOT}/cpu-isa/rv64ui-p-fence_i/simulation.log
rv64ui-p-jal	isa	PASS	0	1.481		${CAMPAIGN_ROOT}/cpu-isa/rv64ui-p-jal/simulation.log
rv64ui-p-jalr	isa	PASS	0	1.781		${CAMPAIGN_ROOT}/cpu-isa/rv64ui-p-jalr/simulation.log
rv64ui-p-lb	isa	PASS	0	1.935		${CAMPAIGN_ROOT}/cpu-isa/rv64ui-p-lb/simulation.log
rv64ui-p-lbu	isa	PASS	0	1.83		${CAMPAIGN_ROOT}/cpu-isa/rv64ui-p-lbu/simulation.log
rv64ui-p-ld	isa	PASS	0	2.233		${CAMPAIGN_ROOT}/cpu-isa/rv64ui-p-ld/simulation.log
rv64ui-p-lh	isa	PASS	0	2.136		${CAMPAIGN_ROOT}/cpu-isa/rv64ui-p-lh/simulation.log
rv64ui-p-lhu	isa	PASS	0	1.83		${CAMPAIGN_ROOT}/cpu-isa/rv64ui-p-lhu/simulation.log
rv64ui-p-lui	isa	PASS	0	1.221		${CAMPAIGN_ROOT}/cpu-isa/rv64ui-p-lui/simulation.log
rv64ui-p-lw	isa	PASS	0	1.677		${CAMPAIGN_ROOT}/cpu-isa/rv64ui-p-lw/simulation.log
rv64ui-p-lwu	isa	PASS	0	1.827		${CAMPAIGN_ROOT}/cpu-isa/rv64ui-p-lwu/simulation.log
rv64ui-p-ma_data	isa	FAIL	255	1.074		${CAMPAIGN_ROOT}/cpu-isa/rv64ui-p-ma_data/simulation.log
rv64ui-p-ori	isa	PASS	0	1.425		${CAMPAIGN_ROOT}/cpu-isa/rv64ui-p-ori/simulation.log
rv64ui-p-or	isa	PASS	0	1.979		${CAMPAIGN_ROOT}/cpu-isa/rv64ui-p-or/simulation.log
rv64ui-p-sb	isa	PASS	0	1.975		${CAMPAIGN_ROOT}/cpu-isa/rv64ui-p-sb/simulation.log
rv64ui-p-sd	isa	PASS	0	2.281		${CAMPAIGN_ROOT}/cpu-isa/rv64ui-p-sd/simulation.log
rv64ui-p-simple	isa	PASS	0	1.123		${CAMPAIGN_ROOT}/cpu-isa/rv64ui-p-simple/simulation.log
rv64ui-p-sh	isa	PASS	0	2.079		${CAMPAIGN_ROOT}/cpu-isa/rv64ui-p-sh/simulation.log
rv64ui-p-sll	isa	PASS	0	2.03		${CAMPAIGN_ROOT}/cpu-isa/rv64ui-p-sll/simulation.log
rv64ui-p-slli	isa	PASS	0	1.628		${CAMPAIGN_ROOT}/cpu-isa/rv64ui-p-slli/simulation.log
rv64ui-p-slliw	isa	PASS	0	1.574		${CAMPAIGN_ROOT}/cpu-isa/rv64ui-p-slliw/simulation.log
rv64ui-p-sllw	isa	PASS	0	2.181		${CAMPAIGN_ROOT}/cpu-isa/rv64ui-p-sllw/simulation.log
rv64ui-p-slt	isa	PASS	0	1.98		${CAMPAIGN_ROOT}/cpu-isa/rv64ui-p-slt/simulation.log
rv64ui-p-slti	isa	PASS	0	1.474		${CAMPAIGN_ROOT}/cpu-isa/rv64ui-p-slti/simulation.log
rv64ui-p-sltiu	isa	PASS	0	1.425		${CAMPAIGN_ROOT}/cpu-isa/rv64ui-p-sltiu/simulation.log
rv64ui-p-sltu	isa	PASS	0	1.926		${CAMPAIGN_ROOT}/cpu-isa/rv64ui-p-sltu/simulation.log
rv64ui-p-sra	isa	PASS	0	1.927		${CAMPAIGN_ROOT}/cpu-isa/rv64ui-p-sra/simulation.log
rv64ui-p-srai	isa	PASS	0	1.575		${CAMPAIGN_ROOT}/cpu-isa/rv64ui-p-srai/simulation.log
rv64ui-p-sraiw	isa	PASS	0	1.726		${CAMPAIGN_ROOT}/cpu-isa/rv64ui-p-sraiw/simulation.log
rv64ui-p-sraw	isa	PASS	0	3.251		${CAMPAIGN_ROOT}/cpu-isa/rv64ui-p-sraw/simulation.log
rv64ui-p-srl	isa	PASS	0	3.411		${CAMPAIGN_ROOT}/cpu-isa/rv64ui-p-srl/simulation.log
rv64ui-p-srli	isa	PASS	0	3.203		${CAMPAIGN_ROOT}/cpu-isa/rv64ui-p-srli/simulation.log
rv64ui-p-srliw	isa	PASS	0	4.064		${CAMPAIGN_ROOT}/cpu-isa/rv64ui-p-srliw/simulation.log
rv64ui-p-srlw	isa	PASS	0	4.162		${CAMPAIGN_ROOT}/cpu-isa/rv64ui-p-srlw/simulation.log
rv64ui-p-sub	isa	PASS	0	4.268		${CAMPAIGN_ROOT}/cpu-isa/rv64ui-p-sub/simulation.log
rv64ui-p-subw	isa	PASS	0	3.751		${CAMPAIGN_ROOT}/cpu-isa/rv64ui-p-subw/simulation.log
rv64ui-p-sw	isa	PASS	0	5.064		${CAMPAIGN_ROOT}/cpu-isa/rv64ui-p-sw/simulation.log
rv64ui-p-xor	isa	PASS	0	4.313		${CAMPAIGN_ROOT}/cpu-isa/rv64ui-p-xor/simulation.log
rv64ui-p-xori	isa	PASS	0	3.676		${CAMPAIGN_ROOT}/cpu-isa/rv64ui-p-xori/simulation.log
rv64ui-v-add	isa	PASS	0	15.477		${CAMPAIGN_ROOT}/cpu-isa/rv64ui-v-add/simulation.log
rv64ui-v-addi	isa	PASS	0	22.609		${CAMPAIGN_ROOT}/cpu-isa/rv64ui-v-addi/simulation.log
rv64ui-v-addiw	isa	PASS	0	19.355		${CAMPAIGN_ROOT}/cpu-isa/rv64ui-v-addiw/simulation.log
rv64ui-v-addw	isa	PASS	0	18.059		${CAMPAIGN_ROOT}/cpu-isa/rv64ui-v-addw/simulation.log
rv64ui-v-andi	isa	PASS	0	9.917		${CAMPAIGN_ROOT}/cpu-isa/rv64ui-v-andi/simulation.log
rv64ui-v-and	isa	PASS	0	21.026		${CAMPAIGN_ROOT}/cpu-isa/rv64ui-v-and/simulation.log
rv64ui-v-auipc	isa	PASS	0	9.52		${CAMPAIGN_ROOT}/cpu-isa/rv64ui-v-auipc/simulation.log
rv64ui-v-beq	isa	PASS	0	10.272		${CAMPAIGN_ROOT}/cpu-isa/rv64ui-v-beq/simulation.log
rv64ui-v-bge	isa	PASS	0	10.125		${CAMPAIGN_ROOT}/cpu-isa/rv64ui-v-bge/simulation.log
rv64ui-v-bgeu	isa	PASS	0	10.583		${CAMPAIGN_ROOT}/cpu-isa/rv64ui-v-bgeu/simulation.log
rv64ui-v-blt	isa	PASS	0	10.528		${CAMPAIGN_ROOT}/cpu-isa/rv64ui-v-blt/simulation.log
rv64ui-v-bltu	isa	PASS	0	10.122		${CAMPAIGN_ROOT}/cpu-isa/rv64ui-v-bltu/simulation.log
rv64ui-v-bne	isa	PASS	0	10.271		${CAMPAIGN_ROOT}/cpu-isa/rv64ui-v-bne/simulation.log
rv64ui-v-fence_i	isa	PASS	0	16.1		${CAMPAIGN_ROOT}/cpu-isa/rv64ui-v-fence_i/simulation.log
rv64ui-v-jal	isa	PASS	0	9.668		${CAMPAIGN_ROOT}/cpu-isa/rv64ui-v-jal/simulation.log
rv64ui-v-jalr	isa	PASS	0	9.769		${CAMPAIGN_ROOT}/cpu-isa/rv64ui-v-jalr/simulation.log
rv64ui-v-lb	isa	PASS	0	17.465		${CAMPAIGN_ROOT}/cpu-isa/rv64ui-v-lb/simulation.log
rv64ui-v-lbu	isa	PASS	0	17.108		${CAMPAIGN_ROOT}/cpu-isa/rv64ui-v-lbu/simulation.log
rv64ui-v-ld	isa	PASS	0	16.903		${CAMPAIGN_ROOT}/cpu-isa/rv64ui-v-ld/simulation.log
rv64ui-v-lh	isa	PASS	0	17.56		${CAMPAIGN_ROOT}/cpu-isa/rv64ui-v-lh/simulation.log
rv64ui-v-lhu	isa	PASS	0	16.955		${CAMPAIGN_ROOT}/cpu-isa/rv64ui-v-lhu/simulation.log
rv64ui-v-lui	isa	PASS	0	10.275		${CAMPAIGN_ROOT}/cpu-isa/rv64ui-v-lui/simulation.log
rv64ui-v-lw	isa	PASS	0	16.954		${CAMPAIGN_ROOT}/cpu-isa/rv64ui-v-lw/simulation.log
rv64ui-v-lwu	isa	PASS	0	17.158		${CAMPAIGN_ROOT}/cpu-isa/rv64ui-v-lwu/simulation.log
rv64ui-v-or	isa	PASS	0	17.819		${CAMPAIGN_ROOT}/cpu-isa/rv64ui-v-or/simulation.log
rv64ui-v-ori	isa	PASS	0	9.971		${CAMPAIGN_ROOT}/cpu-isa/rv64ui-v-ori/simulation.log
rv64ui-v-sb	isa	PASS	0	17.008		${CAMPAIGN_ROOT}/cpu-isa/rv64ui-v-sb/simulation.log
rv64ui-v-sd	isa	PASS	0	26.049		${CAMPAIGN_ROOT}/cpu-isa/rv64ui-v-sd/simulation.log
rv64ui-v-sh	isa	PASS	0	17.16		${CAMPAIGN_ROOT}/cpu-isa/rv64ui-v-sh/simulation.log
rv64ui-v-simple	isa	PASS	0	10.08		${CAMPAIGN_ROOT}/cpu-isa/rv64ui-v-simple/simulation.log
rv64ui-v-sll	isa	PASS	0	17.159		${CAMPAIGN_ROOT}/cpu-isa/rv64ui-v-sll/simulation.log
rv64ui-v-slli	isa	PASS	0	10.173		${CAMPAIGN_ROOT}/cpu-isa/rv64ui-v-slli/simulation.log
rv64ui-v-slliw	isa	PASS	0	10.425		${CAMPAIGN_ROOT}/cpu-isa/rv64ui-v-slliw/simulation.log
rv64ui-v-sllw	isa	PASS	0	18.165		${CAMPAIGN_ROOT}/cpu-isa/rv64ui-v-sllw/simulation.log
rv64ui-v-slt	isa	PASS	0	10.317		${CAMPAIGN_ROOT}/cpu-isa/rv64ui-v-slt/simulation.log
rv64ui-v-slti	isa	PASS	0	9.771		${CAMPAIGN_ROOT}/cpu-isa/rv64ui-v-slti/simulation.log
rv64ui-v-sltiu	isa	PASS	0	10.676		${CAMPAIGN_ROOT}/cpu-isa/rv64ui-v-sltiu/simulation.log
rv64ui-v-sltu	isa	PASS	0	10.574		${CAMPAIGN_ROOT}/cpu-isa/rv64ui-v-sltu/simulation.log
rv64ui-v-sra	isa	PASS	0	17.307		${CAMPAIGN_ROOT}/cpu-isa/rv64ui-v-sra/simulation.log
rv64ui-v-srai	isa	PASS	0	9.919		${CAMPAIGN_ROOT}/cpu-isa/rv64ui-v-srai/simulation.log
rv64ui-v-sraiw	isa	PASS	0	10.074		${CAMPAIGN_ROOT}/cpu-isa/rv64ui-v-sraiw/simulation.log
rv64ui-v-sraw	isa	PASS	0	17.81		${CAMPAIGN_ROOT}/cpu-isa/rv64ui-v-sraw/simulation.log
rv64ui-v-srl	isa	PASS	0	18.014		${CAMPAIGN_ROOT}/cpu-isa/rv64ui-v-srl/simulation.log
rv64ui-v-srli	isa	PASS	0	10.325		${CAMPAIGN_ROOT}/cpu-isa/rv64ui-v-srli/simulation.log
rv64ui-v-srliw	isa	PASS	0	10.22		${CAMPAIGN_ROOT}/cpu-isa/rv64ui-v-srliw/simulation.log
rv64ui-v-ma_data	isa	WALL_TIMEOUT	0	300.117		${CAMPAIGN_ROOT}/cpu-isa/rv64ui-v-ma_data/simulation.log
rv64ui-v-srlw	isa	PASS	0	18.366		${CAMPAIGN_ROOT}/cpu-isa/rv64ui-v-srlw/simulation.log
rv64ui-v-sub	isa	PASS	0	10.673		${CAMPAIGN_ROOT}/cpu-isa/rv64ui-v-sub/simulation.log
rv64ui-v-subw	isa	PASS	0	10.828		${CAMPAIGN_ROOT}/cpu-isa/rv64ui-v-subw/simulation.log
rv64ui-v-sw	isa	PASS	0	18.323		${CAMPAIGN_ROOT}/cpu-isa/rv64ui-v-sw/simulation.log
rv64ui-v-xori	isa	PASS	0	10.423		${CAMPAIGN_ROOT}/cpu-isa/rv64ui-v-xori/simulation.log
rv64ui-v-xor	isa	PASS	0	18.823		${CAMPAIGN_ROOT}/cpu-isa/rv64ui-v-xor/simulation.log
rv64um-p-div	isa	PASS	0	1.426		${CAMPAIGN_ROOT}/cpu-isa/rv64um-p-div/simulation.log
rv64um-p-divu	isa	PASS	0	1.425		${CAMPAIGN_ROOT}/cpu-isa/rv64um-p-divu/simulation.log
rv64um-p-divuw	isa	PASS	0	1.323		${CAMPAIGN_ROOT}/cpu-isa/rv64um-p-divuw/simulation.log
rv64um-p-divw	isa	PASS	0	1.425		${CAMPAIGN_ROOT}/cpu-isa/rv64um-p-divw/simulation.log
rv64um-p-mul	isa	PASS	0	1.98		${CAMPAIGN_ROOT}/cpu-isa/rv64um-p-mul/simulation.log
rv64um-p-mulh	isa	PASS	0	1.93		${CAMPAIGN_ROOT}/cpu-isa/rv64um-p-mulh/simulation.log
rv64um-p-mulhsu	isa	PASS	0	1.929		${CAMPAIGN_ROOT}/cpu-isa/rv64um-p-mulhsu/simulation.log
rv64um-p-mulhu	isa	PASS	0	2.03		${CAMPAIGN_ROOT}/cpu-isa/rv64um-p-mulhu/simulation.log
rv64um-p-rem	isa	PASS	0	1.581		${CAMPAIGN_ROOT}/cpu-isa/rv64um-p-rem/simulation.log
rv64um-p-mulw	isa	PASS	0	1.983		${CAMPAIGN_ROOT}/cpu-isa/rv64um-p-mulw/simulation.log
rv64um-p-remu	isa	PASS	0	1.474		${CAMPAIGN_ROOT}/cpu-isa/rv64um-p-remu/simulation.log
rv64um-p-remuw	isa	PASS	0	1.471		${CAMPAIGN_ROOT}/cpu-isa/rv64um-p-remuw/simulation.log
rv64um-p-remw	isa	PASS	0	1.475		${CAMPAIGN_ROOT}/cpu-isa/rv64um-p-remw/simulation.log
rv64um-v-div	isa	PASS	0	9.669		${CAMPAIGN_ROOT}/cpu-isa/rv64um-v-div/simulation.log
rv64um-v-divu	isa	PASS	0	10.022		${CAMPAIGN_ROOT}/cpu-isa/rv64um-v-divu/simulation.log
rv64um-v-divuw	isa	PASS	0	9.72		${CAMPAIGN_ROOT}/cpu-isa/rv64um-v-divuw/simulation.log
rv64um-v-divw	isa	PASS	0	10.121		${CAMPAIGN_ROOT}/cpu-isa/rv64um-v-divw/simulation.log
rv64um-v-mul	isa	PASS	0	10.121		${CAMPAIGN_ROOT}/cpu-isa/rv64um-v-mul/simulation.log
rv64um-v-mulh	isa	PASS	0	10.421		${CAMPAIGN_ROOT}/cpu-isa/rv64um-v-mulh/simulation.log
rv64um-v-mulhsu	isa	PASS	0	10.828		${CAMPAIGN_ROOT}/cpu-isa/rv64um-v-mulhsu/simulation.log
rv64um-v-mulhu	isa	PASS	0	10.679		${CAMPAIGN_ROOT}/cpu-isa/rv64um-v-mulhu/simulation.log
rv64um-v-mulw	isa	PASS	0	10.472		${CAMPAIGN_ROOT}/cpu-isa/rv64um-v-mulw/simulation.log
rv64um-v-rem	isa	PASS	0	9.87		${CAMPAIGN_ROOT}/cpu-isa/rv64um-v-rem/simulation.log
rv64um-v-remu	isa	PASS	0	9.87		${CAMPAIGN_ROOT}/cpu-isa/rv64um-v-remu/simulation.log
rv64um-v-remuw	isa	PASS	0	10.02		${CAMPAIGN_ROOT}/cpu-isa/rv64um-v-remuw/simulation.log
rv64uzba-p-add_uw	isa	PASS	0	1.976		${CAMPAIGN_ROOT}/cpu-isa/rv64uzba-p-add_uw/simulation.log
rv64uzba-p-sh1add	isa	PASS	0	2.332		${CAMPAIGN_ROOT}/cpu-isa/rv64uzba-p-sh1add/simulation.log
rv64uzba-p-sh1add_uw	isa	PASS	0	1.976		${CAMPAIGN_ROOT}/cpu-isa/rv64uzba-p-sh1add_uw/simulation.log
rv64uzba-p-sh2add	isa	PASS	0	1.977		${CAMPAIGN_ROOT}/cpu-isa/rv64uzba-p-sh2add/simulation.log
rv64um-v-remw	isa	PASS	0	10.226		${CAMPAIGN_ROOT}/cpu-isa/rv64um-v-remw/simulation.log
rv64uzba-p-sh2add_uw	isa	PASS	0	1.992		${CAMPAIGN_ROOT}/cpu-isa/rv64uzba-p-sh2add_uw/simulation.log
rv64uzba-p-sh3add	isa	PASS	0	2.136		${CAMPAIGN_ROOT}/cpu-isa/rv64uzba-p-sh3add/simulation.log
rv64uzba-p-slli_uw	isa	PASS	0	1.524		${CAMPAIGN_ROOT}/cpu-isa/rv64uzba-p-slli_uw/simulation.log
rv64uzba-p-sh3add_uw	isa	PASS	0	1.977		${CAMPAIGN_ROOT}/cpu-isa/rv64uzba-p-sh3add_uw/simulation.log
rv64uzba-v-add_uw	isa	PASS	0	10.321		${CAMPAIGN_ROOT}/cpu-isa/rv64uzba-v-add_uw/simulation.log
rv64uzba-v-sh1add	isa	PASS	0	10.372		${CAMPAIGN_ROOT}/cpu-isa/rv64uzba-v-sh1add/simulation.log
rv64uzba-v-sh1add_uw	isa	PASS	0	10.223		${CAMPAIGN_ROOT}/cpu-isa/rv64uzba-v-sh1add_uw/simulation.log
rv64uzba-v-sh2add	isa	PASS	0	10.623		${CAMPAIGN_ROOT}/cpu-isa/rv64uzba-v-sh2add/simulation.log
rv64uzba-v-sh2add_uw	isa	PASS	0	12.044		${CAMPAIGN_ROOT}/cpu-isa/rv64uzba-v-sh2add_uw/simulation.log
rv64uzba-v-sh3add	isa	PASS	0	13.053		${CAMPAIGN_ROOT}/cpu-isa/rv64uzba-v-sh3add/simulation.log
rv64uzba-v-sh3add_uw	isa	PASS	0	12.398		${CAMPAIGN_ROOT}/cpu-isa/rv64uzba-v-sh3add_uw/simulation.log
rv64uzba-v-slli_uw	isa	PASS	0	12.451		${CAMPAIGN_ROOT}/cpu-isa/rv64uzba-v-slli_uw/simulation.log
rv64uzbb-p-andn	isa	PASS	0	3.138		${CAMPAIGN_ROOT}/cpu-isa/rv64uzbb-p-andn/simulation.log
rv64uzbb-p-clz	isa	PASS	0	2.953		${CAMPAIGN_ROOT}/cpu-isa/rv64uzbb-p-clz/simulation.log
rv64uzbb-p-clzw	isa	PASS	0	4.168		${CAMPAIGN_ROOT}/cpu-isa/rv64uzbb-p-clzw/simulation.log
rv64uzbb-p-cpop	isa	PASS	0	3.765		${CAMPAIGN_ROOT}/cpu-isa/rv64uzbb-p-cpop/simulation.log
rv64uzbb-p-cpopw	isa	PASS	0	2.903		${CAMPAIGN_ROOT}/cpu-isa/rv64uzbb-p-cpopw/simulation.log
rv64uzbb-p-ctz	isa	PASS	0	3.156		${CAMPAIGN_ROOT}/cpu-isa/rv64uzbb-p-ctz/simulation.log
rv64uzbb-p-ctzw	isa	PASS	0	3.852		${CAMPAIGN_ROOT}/cpu-isa/rv64uzbb-p-ctzw/simulation.log
rv64uzbb-p-max	isa	PASS	0	4.618		${CAMPAIGN_ROOT}/cpu-isa/rv64uzbb-p-max/simulation.log
rv64uzbb-p-maxu	isa	PASS	0	3.863		${CAMPAIGN_ROOT}/cpu-isa/rv64uzbb-p-maxu/simulation.log
rv64uzbb-p-min	isa	PASS	0	5.275		${CAMPAIGN_ROOT}/cpu-isa/rv64uzbb-p-min/simulation.log
rv64uzbb-p-minu	isa	PASS	0	4.117		${CAMPAIGN_ROOT}/cpu-isa/rv64uzbb-p-minu/simulation.log
rv64uzbb-p-orc_b	isa	PASS	0	4.241		${CAMPAIGN_ROOT}/cpu-isa/rv64uzbb-p-orc_b/simulation.log
rv64uzbb-p-orn	isa	PASS	0	5.189		${CAMPAIGN_ROOT}/cpu-isa/rv64uzbb-p-orn/simulation.log
rv64uzbb-p-rev8	isa	PASS	0	3.412		${CAMPAIGN_ROOT}/cpu-isa/rv64uzbb-p-rev8/simulation.log
rv64uzbb-p-rol	isa	PASS	0	5.733		${CAMPAIGN_ROOT}/cpu-isa/rv64uzbb-p-rol/simulation.log
rv64uzbb-p-rolw	isa	PASS	0	4.845		${CAMPAIGN_ROOT}/cpu-isa/rv64uzbb-p-rolw/simulation.log
rv64uzbb-p-rori	isa	PASS	0	3.425		${CAMPAIGN_ROOT}/cpu-isa/rv64uzbb-p-rori/simulation.log
rv64uzbb-p-ror	isa	PASS	0	5.437		${CAMPAIGN_ROOT}/cpu-isa/rv64uzbb-p-ror/simulation.log
rv64uzbb-p-roriw	isa	PASS	0	3.963		${CAMPAIGN_ROOT}/cpu-isa/rv64uzbb-p-roriw/simulation.log
rv64uzbb-p-rorw	isa	PASS	0	4.83		${CAMPAIGN_ROOT}/cpu-isa/rv64uzbb-p-rorw/simulation.log
rv64uzbb-p-sext_b	isa	PASS	0	3.774		${CAMPAIGN_ROOT}/cpu-isa/rv64uzbb-p-sext_b/simulation.log
rv64uzbb-p-sext_h	isa	PASS	0	4.431		${CAMPAIGN_ROOT}/cpu-isa/rv64uzbb-p-sext_h/simulation.log
rv64uzbb-p-xnor	isa	PASS	0	4.834		${CAMPAIGN_ROOT}/cpu-isa/rv64uzbb-p-xnor/simulation.log
rv64uzbb-p-zext_h	isa	PASS	0	3.412		${CAMPAIGN_ROOT}/cpu-isa/rv64uzbb-p-zext_h/simulation.log
rv64uzbb-v-clz	isa	PASS	0	20.863		${CAMPAIGN_ROOT}/cpu-isa/rv64uzbb-v-clz/simulation.log
rv64uzbb-v-andn	isa	PASS	0	31.224		${CAMPAIGN_ROOT}/cpu-isa/rv64uzbb-v-andn/simulation.log
rv64uzbb-v-clzw	isa	PASS	0	13.405		${CAMPAIGN_ROOT}/cpu-isa/rv64uzbb-v-clzw/simulation.log
rv64uzbb-v-cpop	isa	PASS	0	12.248		${CAMPAIGN_ROOT}/cpu-isa/rv64uzbb-v-cpop/simulation.log
rv64uzbb-v-cpopw	isa	PASS	0	12.701		${CAMPAIGN_ROOT}/cpu-isa/rv64uzbb-v-cpopw/simulation.log
rv64uzbb-v-ctz	isa	PASS	0	12.798		${CAMPAIGN_ROOT}/cpu-isa/rv64uzbb-v-ctz/simulation.log
rv64uzbb-v-ctzw	isa	PASS	0	11.997		${CAMPAIGN_ROOT}/cpu-isa/rv64uzbb-v-ctzw/simulation.log
rv64uzbb-v-max	isa	PASS	0	10.42		${CAMPAIGN_ROOT}/cpu-isa/rv64uzbb-v-max/simulation.log
rv64uzbb-v-min	isa	PASS	0	10.323		${CAMPAIGN_ROOT}/cpu-isa/rv64uzbb-v-min/simulation.log
rv64uzbb-v-maxu	isa	PASS	0	18.52		${CAMPAIGN_ROOT}/cpu-isa/rv64uzbb-v-maxu/simulation.log
rv64uzbb-v-minu	isa	PASS	0	10.824		${CAMPAIGN_ROOT}/cpu-isa/rv64uzbb-v-minu/simulation.log
rv64uzbb-v-orc_b	isa	PASS	0	10.829		${CAMPAIGN_ROOT}/cpu-isa/rv64uzbb-v-orc_b/simulation.log
rv64uzbb-v-rev8	isa	PASS	0	10.272		${CAMPAIGN_ROOT}/cpu-isa/rv64uzbb-v-rev8/simulation.log
rv64uzbb-v-orn	isa	PASS	0	17.768		${CAMPAIGN_ROOT}/cpu-isa/rv64uzbb-v-orn/simulation.log
rv64uzbb-v-rol	isa	PASS	0	18.416		${CAMPAIGN_ROOT}/cpu-isa/rv64uzbb-v-rol/simulation.log
rv64uzbb-v-rolw	isa	PASS	0	18.318		${CAMPAIGN_ROOT}/cpu-isa/rv64uzbb-v-rolw/simulation.log
rv64uzbb-v-rori	isa	PASS	0	10.932		${CAMPAIGN_ROOT}/cpu-isa/rv64uzbb-v-rori/simulation.log
rv64uzbb-v-ror	isa	PASS	0	18.671		${CAMPAIGN_ROOT}/cpu-isa/rv64uzbb-v-ror/simulation.log
rv64uzbb-v-roriw	isa	PASS	0	10.885		${CAMPAIGN_ROOT}/cpu-isa/rv64uzbb-v-roriw/simulation.log
rv64uzbb-v-rorw	isa	PASS	0	18.63		${CAMPAIGN_ROOT}/cpu-isa/rv64uzbb-v-rorw/simulation.log
rv64uzbb-v-sext_b	isa	PASS	0	11.484		${CAMPAIGN_ROOT}/cpu-isa/rv64uzbb-v-sext_b/simulation.log
rv64uzbb-v-sext_h	isa	PASS	0	12.093		${CAMPAIGN_ROOT}/cpu-isa/rv64uzbb-v-sext_h/simulation.log
rv64uzbb-v-xnor	isa	PASS	0	22.831		${CAMPAIGN_ROOT}/cpu-isa/rv64uzbb-v-xnor/simulation.log
rv64uzbc-p-clmul	isa	FAIL	255	1.276		${CAMPAIGN_ROOT}/cpu-isa/rv64uzbc-p-clmul/simulation.log
rv64uzbb-v-zext_h	isa	PASS	0	14.593		${CAMPAIGN_ROOT}/cpu-isa/rv64uzbb-v-zext_h/simulation.log
rv64uzbc-p-clmulh	isa	FAIL	255	1.224		${CAMPAIGN_ROOT}/cpu-isa/rv64uzbc-p-clmulh/simulation.log
rv64uzbc-p-clmulr	isa	FAIL	255	1.275		${CAMPAIGN_ROOT}/cpu-isa/rv64uzbc-p-clmulr/simulation.log
rv64uzbc-v-clmul	isa	WALL_TIMEOUT	0	300.117		${CAMPAIGN_ROOT}/cpu-isa/rv64uzbc-v-clmul/simulation.log
rv64uzbc-v-clmulh	isa	WALL_TIMEOUT	0	300.067		${CAMPAIGN_ROOT}/cpu-isa/rv64uzbc-v-clmulh/simulation.log
rv64uzbs-p-bclr	isa	PASS	0	2.431		${CAMPAIGN_ROOT}/cpu-isa/rv64uzbs-p-bclr/simulation.log
rv64uzbs-p-bclri	isa	PASS	0	1.831		${CAMPAIGN_ROOT}/cpu-isa/rv64uzbs-p-bclri/simulation.log
rv64uzbs-p-bext	isa	PASS	0	2.285		${CAMPAIGN_ROOT}/cpu-isa/rv64uzbs-p-bext/simulation.log
rv64uzbs-p-bexti	isa	PASS	0	1.933		${CAMPAIGN_ROOT}/cpu-isa/rv64uzbs-p-bexti/simulation.log
rv64uzbs-p-binv	isa	PASS	0	2.129		${CAMPAIGN_ROOT}/cpu-isa/rv64uzbs-p-binv/simulation.log
rv64uzbs-p-binvi	isa	PASS	0	1.674		${CAMPAIGN_ROOT}/cpu-isa/rv64uzbs-p-binvi/simulation.log
rv64uzbs-p-bset	isa	PASS	0	2.33		${CAMPAIGN_ROOT}/cpu-isa/rv64uzbs-p-bset/simulation.log
rv64uzbs-p-bseti	isa	PASS	0	2.439		${CAMPAIGN_ROOT}/cpu-isa/rv64uzbs-p-bseti/simulation.log
rv64uzbs-v-bclr	isa	PASS	0	19.137		${CAMPAIGN_ROOT}/cpu-isa/rv64uzbs-v-bclr/simulation.log
rv64uzbs-v-bclri	isa	PASS	0	11.237		${CAMPAIGN_ROOT}/cpu-isa/rv64uzbs-v-bclri/simulation.log
rv64uzbs-v-bext	isa	PASS	0	19.494		${CAMPAIGN_ROOT}/cpu-isa/rv64uzbs-v-bext/simulation.log
rv64uzbs-v-bexti	isa	PASS	0	10.983		${CAMPAIGN_ROOT}/cpu-isa/rv64uzbs-v-bexti/simulation.log
rv64uzbs-v-binv	isa	PASS	0	19.238		${CAMPAIGN_ROOT}/cpu-isa/rv64uzbs-v-binv/simulation.log
rv64uzbs-v-binvi	isa	PASS	0	11.033		${CAMPAIGN_ROOT}/cpu-isa/rv64uzbs-v-binvi/simulation.log
rv64uzbs-v-bset	isa	PASS	0	18.366		${CAMPAIGN_ROOT}/cpu-isa/rv64uzbs-v-bset/simulation.log
rv64uzbs-v-bseti	isa	PASS	0	12.087		${CAMPAIGN_ROOT}/cpu-isa/rv64uzbs-v-bseti/simulation.log
rv64uzfh-p-fadd	isa	PASS	0	2.027		${CAMPAIGN_ROOT}/cpu-isa/rv64uzfh-p-fadd/simulation.log
rv64uzfh-p-fclass	isa	PASS	0	1.929		${CAMPAIGN_ROOT}/cpu-isa/rv64uzfh-p-fclass/simulation.log
rv64uzfh-p-fcmp	isa	PASS	0	1.633		${CAMPAIGN_ROOT}/cpu-isa/rv64uzfh-p-fcmp/simulation.log
rv64uzfh-p-fcvt	isa	PASS	0	1.886		${CAMPAIGN_ROOT}/cpu-isa/rv64uzfh-p-fcvt/simulation.log
rv64uzfh-p-fcvt_w	isa	PASS	0	2.983		${CAMPAIGN_ROOT}/cpu-isa/rv64uzfh-p-fcvt_w/simulation.log
rv64uzfh-p-fdiv	isa	PASS	0	1.628		${CAMPAIGN_ROOT}/cpu-isa/rv64uzfh-p-fdiv/simulation.log
rv64uzfh-p-fmadd	isa	PASS	0	1.576		${CAMPAIGN_ROOT}/cpu-isa/rv64uzfh-p-fmadd/simulation.log
rv64uzfh-p-fmin	isa	PASS	0	1.877		${CAMPAIGN_ROOT}/cpu-isa/rv64uzfh-p-fmin/simulation.log
rv64uzfh-p-ldst	isa	PASS	0	1.276		${CAMPAIGN_ROOT}/cpu-isa/rv64uzfh-p-ldst/simulation.log
rv64uzfh-p-move	isa	PASS	0	1.574		${CAMPAIGN_ROOT}/cpu-isa/rv64uzfh-p-move/simulation.log
rv64uzfh-p-recoding	isa	PASS	0	1.222		${CAMPAIGN_ROOT}/cpu-isa/rv64uzfh-p-recoding/simulation.log
rv64uzfh-v-fadd	isa	PASS	0	19.187		${CAMPAIGN_ROOT}/cpu-isa/rv64uzfh-v-fadd/simulation.log
rv64uzfh-v-fclass	isa	PASS	0	11.082		${CAMPAIGN_ROOT}/cpu-isa/rv64uzfh-v-fclass/simulation.log
rv64uzfh-v-fcmp	isa	PASS	0	18.933		${CAMPAIGN_ROOT}/cpu-isa/rv64uzfh-v-fcmp/simulation.log
rv64uzfh-v-fcvt	isa	PASS	0	18.732		${CAMPAIGN_ROOT}/cpu-isa/rv64uzfh-v-fcvt/simulation.log
rv64uzfh-v-fcvt_w	isa	PASS	0	27.693		${CAMPAIGN_ROOT}/cpu-isa/rv64uzfh-v-fcvt_w/simulation.log
rv64uzfh-v-fdiv	isa	PASS	0	18.124		${CAMPAIGN_ROOT}/cpu-isa/rv64uzfh-v-fdiv/simulation.log
rv64uzfh-v-fmadd	isa	PASS	0	17.31		${CAMPAIGN_ROOT}/cpu-isa/rv64uzfh-v-fmadd/simulation.log
rv64uzbc-v-clmulr	isa	WALL_TIMEOUT	0	300.07		${CAMPAIGN_ROOT}/cpu-isa/rv64uzbc-v-clmulr/simulation.log
rv64uzfh-v-fmin	isa	PASS	0	17.463		${CAMPAIGN_ROOT}/cpu-isa/rv64uzfh-v-fmin/simulation.log
rv64uzfh-v-ldst	isa	PASS	0	16.554		${CAMPAIGN_ROOT}/cpu-isa/rv64uzfh-v-ldst/simulation.log
rv64uzfh-v-move	isa	PASS	0	10.221		${CAMPAIGN_ROOT}/cpu-isa/rv64uzfh-v-move/simulation.log
rv64uzfh-v-recoding	isa	PASS	0	17.093		${CAMPAIGN_ROOT}/cpu-isa/rv64uzfh-v-recoding/simulation.log
