450.0,450.0,450.0,450.0,450.0,450.0,450.0,450.0,450.0,450.0,450.0,450.0,450.0,450.0,450.0,450.0,450.0,450.0,450.0,450.0,450.0,450.0,450.0,450.0,450.0,450.0,450.0,450.0,450.0,450.0,450.0,450.0
450.0,450.0,450.0,450.0,450.0,450.0,450.0,450.0,450.0,450.0,450.0,450.0,450.0,450.0,450.0,450.0,450.0,450.0,450.0,450.0,450.0,450.0,450.0,450.0,450.0,450.0,450.0,450.0,450.0,450.0,450.0,450.0
450.0,450.0,450.0,450.0,450.0,450.0,450.0,450.0,450.0,450.0,450.0,450.0,450.0,450.0,450.0,450.0,450.0,450.0,450.0,450.0,450.0,450.0,450.0,450.0,450.0,450.0,450.0,450.0,450.0,450.0,450.0,450.0
450.0,450.0,450.0,450.0,450.0,450.0,450.0,450.0,450.0,450.0,450.0,450.0,450.0,450.0,450.0,450.0,450.0,450.0,450.0,450.0,450.0,450.0,450.0,450.0,450.0,450.0,450.0,450.0,450.0,450.0,450.0,450.0
450.0,450.0,450.0,450.0,450.0,450.0,450.0,450.0,450.0,450.0,450.0,450.0,450.0,450.0,450.0,450.0,450.0,450.0,450.0,450.0,450.0,450.0,450.0,450.0,450.0,450.0,450.0,450.0,450.0,450.0,450.0,450.0
450.0,450.0,450.0,450.0,450.0,450.0,450.0,450.0,450.0,450.0,450.0,450.0,450.0,450.0,450.0,450.0,450.0,450.0,450.0,450.0,450.0,450.0,450.0,450.0,450.0,450.0,450.0,450.0,450.0,450.0,450.0,450.0
450.0,450.0,450.0,450.0,450.0,450.0,450.0,450.0,450.0,450.0,450.0,450.0,450.0,450.0,450.0,450.0,450.0,450.0,450.0,450.0,450.0,450.0,450.0,450.0,450.0,450.0,450.0,450.0,450.0,450.0,450.0,450.0
450.0,450.0,450.0,450.0,450.0,450.0,450.0,450.0,450.0,450.0,450.0,450.0,450.0,450.0,450.0,450.0,450.0,450.0,450.0,450.0,450.0,450.0,450.0,450.0,450.0,450.0,450.0,450.0,450.0,450.0,450.0,450.0
450.0,450.0,450.0,450.0,450.0,450.0,450.0,450.0,450.0,450.0,450.0,450.0,450.0,450.0,450.0,450.0,450.0,450.0,450.0,450.0,450.0,450.0,450.0,450.0,450.0,450.0,450.0,450.0,450.0,450.0,450.0,450.0
450.0,450.0,450.0,450.0,450.0,450.0,450.0,450.0,450.0,450.0,450.0,450.0,450.0,450.0,450.0,450.0,450.0,450.0,450.0,450.0,450.0,450.0,450.0,450.0,450.0,450.0,450.0,450.0,450.0,450.0,450.0,450.0
450.0,450.0,450.0,450.0,450.0,450.0,450.0,450.0,450.0,450.0,450.0,450.0,450.0,450.0,450.0,450.0,450.0,450.0,450.0,450.0,450.0,450.0,450.0,450.0,450.0,450.0,450.0,450.0,450.0,450.0,450.0,450.0
450.0,450.0,450.0,450.0,450.0,450.0,450.0,450.0,450.0,450.0,450.0,450.0,450.0,450.0,450.0,450.0,298.15,298.15,298.15,450.0,298.15,450.0,450.0,450.0,450.0,450.0,450.0,450.0,450.0,450.0,450.0,450.0
450.0,450.0,450.0,450.0,450.0,450.0,450.0,450.0,450.0,450.0,450.0,450.0,450.0,450.0,450.0,450.0,450.0,450.0,450.0,450.0,298.15,450.0,450.0,450.0,450.0,450.0,450.0,450.0,450.0,450.0,450.0,450.0
450.0,450.0,450.0,450.0,450.0,450.0,450.0,450.0,450.0,450.0,450.0,450.0,450.0,450.0,450.0,450.0,450.0,450.0,450.0,450.0,298.15,450.0,450.0,450.0,450.0,450.0,450.0,450.0,450.0,450.0,450.0,450.0
450.0,450.0,450.0,450.0,450.0,450.0,450.0,450.0,450.0,450.0,450.0,450.0,450.0,450.0,450.0,450.0,450.0,450.0,450.0,450.0,298.15,450.0,450.0,450.0,450.0,450.0,450.0,450.0,450.0,450.0,450.0,450.0
450.0,450.0,450.0,450.0,450.0,450.0,450.0,450.0,450.0,450.0,450.0,298.15,450.0,450.0,450.0,450.0,450.0,450.0,450.0,450.0,450.0,450.0,450.0,450.0,450.0,450.0,450.0,450.0,450.0,450.0,450.0,450.0
450.0,450.0,450.0,450.0,450.0,450.0,450.0,450.0,450.0,450.0,450.0,298.15,450.0,450.0,450.0,450.0,450.0,450.0,450.0,450.0,450.0,450.0,450.0,450.0,450.0,450.0,450.0,450.0,450.0,450.0,450.0,450.0
450.0,450.0,450.0,450.0,450.0,450.0,450.0,450.0,450.0,450.0,450.0,298.15,450.0,450.0,450.0,450.0,450.0,450.0,450.0,450.0,450.0,450.0,450.0,450.0,450.0,450.0,450.0,450.0,450.0,450.0,450.0,450.0
450.0,450.0,450.0,450.0,450.0,450.0,450.0,450.0,450.0,450.0,450.0,298.15,450.0,450.0,450.0,450.0,450.0,450.0,450.0,450.0,450.0,450.0,450.0,450.0,450.0,450.0,450.0,450.0,450.0,450.0,450.0,450.0
450.0,450.0,450.0,450.0,450.0,450.0,450.0,450.0,450.0,450.0,450.0,450.0,450.0,450.0,450.0,450.0,450.0,450.0,450.0,450.0,298.15,450.0,450.0,450.0,450.0,450.0,450.0,450.0,450.0,450.0,450.0,450.0
450.0,450.0,450.0,450.0,450.0,450.0,450.0,450.0,450.0,450.0,450.0,450.0,298.15,298.15,450.0,450.0,450.0,450.0,450.0,298.15,450.0,450.0,450.0,450.0,450.0,450.0,450.0,450.0,450.0,450.0,450.0,450.0
450.0,450.0,450.0,450.0,450.0,450.0,450.0,450.0,450.0,450.0,450.0,450.0,450.0,450.0,450.0,450.0,450.0,450.0,450.0,450.0,450.0,450.0,450.0,450.0,450.0,450.0,450.0,450.0,450.0,450.0,450.0,450.0
450.0,450.0,450.0,450.0,450.0,450.0,450.0,450.0,450.0,450.0,450.0,450.0,450.0,450.0,450.0,450.0,450.0,450.0,450.0,450.0,450.0,450.0,450.0,450.0,450.0,450.0,450.0,450.0,450.0,450.0,450.0,450.0
450.0,450.0,450.0,450.0,450.0,450.0,450.0,450.0,450.0,450.0,450.0,450.0,450.0,450.0,450.0,450.0,450.0,450.0,450.0,450.0,450.0,450.0,450.0,450.0,450.0,450.0,450.0,450.0,450.0,450.0,450.0,450.0
450.0,450.0,450.0,450.0,450.0,450.0,450.0,450.0,450.0,450.0,450.0,450.0,450.0,450.0,450.0,450.0,450.0,450.0,450.0,450.0,450.0,450.0,450.0,450.0,450.0,450.0,450.0,450.0,450.0,450.0,450.0,450.0
450.0,450.0,450.0,450.0,450.0,450.0,450.0,450.0,450.0,450.0,450.0,450.0,450.0,450.0,450.0,450.0,450.0,450.0,450.0,450.0,450.0,450.0,450.0,450.0,450.0,450.0,450.0,450.0,450.0,450.0,450.0,450.0
450.0,450.0,450.0,450.0,450.0,450.0,450.0,450.0,450.0,450.0,450.0,450.0,450.0,450.0,450.0,450.0,450.0,450.0,450.0,450.0,450.0,450.0,450.0,450.0,450.0,450.0,450.0,450.0,450.0,450.0,450.0,450.0
450.0,450.0,450.0,450.0,450.0,450.0,450.0,450.0,450.0,450.0,450.0,450.0,450.0,450.0,450.0,450.0,450.0,450.0,450.0,450.0,450.0,450.0,450.0,450.0,450.0,450.0,450.0,450.0,450.0,450.0,450.0,450.0
450.0,450.0,450.0,450.0,450.0,450.0,450.0,450.0,450.0,450.0,450.0,450.0,450.0,450.0,450.0,450.0,450.0,450.0,450.0,450.0,450.0,450.0,450.0,450.0,450.0,450.0,450.0,450.0,450.0,450.0,450.0,450.0
450.0,450.0,450.0,450.0,450.0,450.0,450.0,450.0,450.0,450.0,450.0,450.0,450.0,450.0,450.0,450.0,450.0,450.0,450.0,450.0,450.0,450.0,450.0,450.0,450.0,450.0,450.0,450.0,450.0,450.0,450.0,450.0
450.0,450.0,450.0,450.0,450.0,450.0,450.0,450.0,450.0,450.0,450.0,450.0,450.0,450.0,450.0,450.0,450.0,450.0,450.0,450.0,450.0,450.0,450.0,450.0,450.0,450.0,450.0,450.0,450.0,450.0,450.0,450.0
450.0,450.0,450.0,450.0,450.0,450.0,450.0,450.0,450.0,450.0,450.0,450.0,450.0,450.0,450.0,450.0,450.0,450.0,450.0,450.0,450.0,450.0,450.0,450.0,450.0,450.0,450.0,450.0,450.0,450.0,450.0,450.0
