test	baseline	current	suite
chipyard-cpp-hello	PASS	PASS	chipyard-generic
chipyard-hello	PASS	PASS	chipyard-generic
chipyard-mt-hello-dual	PASS	PASS	chipyard-generic
corrected-legacy-ae_matmul-dual	PASS	PASS	corrected-mt-supplement
corrected-legacy-vvadd1-dual	PASS	PASS	corrected-mt-supplement
corrected-mt-matmul-dual	PASS	PASS	corrected-mt-supplement
dhrystone	PASS	PASS	benchmark-configured
dual-hart-smoke	PASS	PASS	dual-hart-smoke
legacy-ad_matmul-dual	WALL_TIMEOUT	WALL_TIMEOUT	legacy-mt
legacy-ae_matmul-dual	PASS	PASS	legacy-mt
legacy-af_matmul-dual	FAIL	FAIL	legacy-mt
legacy-ag_matmul-dual	PASS	PASS	legacy-mt
legacy-ai_matmul-dual	PASS	PASS	legacy-mt
legacy-ak_matmul-dual	PASS	PASS	legacy-mt
legacy-al_matmul-dual	FAIL	FAIL	legacy-mt
legacy-am_matmul-dual	FAIL	FAIL	legacy-mt
legacy-an_matmul-dual	PASS	PASS	legacy-mt
legacy-ap_matmul-dual	PASS	PASS	legacy-mt
legacy-aq_matmul-dual	PASS	PASS	legacy-mt
legacy-ar_matmul-dual	PASS	PASS	legacy-mt
legacy-at_matmul-dual	FAIL	FAIL	legacy-mt
legacy-av_matmul-dual	FAIL	FAIL	legacy-mt
legacy-ay_matmul-dual	FAIL	FAIL	legacy-mt
legacy-az_matmul-dual	FAIL	FAIL	legacy-mt
legacy-bb_matmul-dual	PASS	PASS	legacy-mt
legacy-bc_matmul-dual	PASS	PASS	legacy-mt
legacy-bf_matmul-dual	FAIL	FAIL	legacy-mt
legacy-bh_matmul-dual	PASS	PASS	legacy-mt
legacy-bj_matmul-dual	PASS	PASS	legacy-mt
legacy-bk_matmul-dual	FAIL	FAIL	legacy-mt
legacy-bm_matmul-dual	PASS	PASS	legacy-mt
legacy-bo_matmul-dual	FAIL	FAIL	legacy-mt
legacy-br_matmul-dual	FAIL	FAIL	legacy-mt
legacy-bs_matmul-dual	PASS	PASS	legacy-mt
legacy-ce_matmul-dual	PASS	PASS	legacy-mt
legacy-cf_matmul-dual	FAIL	FAIL	legacy-mt
legacy-cg_matmul-dual	PASS	PASS	legacy-mt
legacy-ci_matmul-dual	PASS	PASS	legacy-mt
legacy-ck_matmul-dual	PASS	PASS	legacy-mt
legacy-cl_matmul-dual	FAIL	FAIL	legacy-mt
legacy-cm_matmul-dual	FAIL	FAIL	legacy-mt
legacy-cs_matmul-dual	PASS	PASS	legacy-mt
legacy-cv_matmul-dual	FAIL	FAIL	legacy-mt
legacy-cy_matmul-dual	FAIL	FAIL	legacy-mt
legacy-dc_matmul-dual	PASS	PASS	legacy-mt
legacy-df_matmul-dual	FAIL	FAIL	legacy-mt
legacy-dm_matmul-dual	PASS	PASS	legacy-mt
legacy-do_matmul-dual	FAIL	FAIL	legacy-mt
legacy-dr_matmul-dual	FAIL	FAIL	legacy-mt
legacy-ds_matmul-dual	PASS	PASS	legacy-mt
legacy-du_matmul-dual	FAIL	FAIL	legacy-mt
legacy-dv_matmul-dual	WALL_TIMEOUT	WALL_TIMEOUT	legacy-mt
legacy-vvadd0-dual	PASS	PASS	legacy-mt
legacy-vvadd1-dual	PASS	PASS	legacy-mt
legacy-vvadd2-dual	PASS	PASS	legacy-mt
legacy-vvadd3-dual	PASS	PASS	legacy-mt
legacy-vvadd4-dual	PASS	PASS	legacy-mt
median	PASS	PASS	benchmark-configured
memcpy	PASS	PASS	benchmark-extra
mm	PASS	PASS	benchmark-configured
mt-matmul	PASS	PASS	benchmark-configured
mt-matmul-dual	PASS	PASS	benchmark-dual
mt-memcpy	PASS	PASS	benchmark-extra
mt-memcpy-dual	PASS	PASS	benchmark-dual
mt-vvadd	PASS	PASS	benchmark-configured
mt-vvadd-dual	PASS	PASS	benchmark-dual
multiply	PASS	PASS	benchmark-configured
pmp	PASS	PASS	benchmark-configured
qsort	PASS	PASS	benchmark-configured
rsort	PASS	PASS	benchmark-configured
rv64mi-p-access	PASS	PASS	isa
rv64mi-p-breakpoint	PASS	PASS	isa
rv64mi-p-csr	PASS	PASS	isa
rv64mi-p-illegal	PASS	PASS	isa
rv64mi-p-ld-misaligned	PASS	PASS	isa
rv64mi-p-lh-misaligned	PASS	PASS	isa
rv64mi-p-lw-misaligned	PASS	PASS	isa
rv64mi-p-ma_addr	PASS	PASS	isa
rv64mi-p-ma_fetch	PASS	PASS	isa
rv64mi-p-mcsr	PASS	PASS	isa
rv64mi-p-sbreak	PASS	PASS	isa
rv64mi-p-scall	PASS	PASS	isa
rv64mi-p-sd-misaligned	PASS	PASS	isa
rv64mi-p-sh-misaligned	PASS	PASS	isa
rv64mi-p-sw-misaligned	PASS	PASS	isa
rv64mi-p-zicntr	PASS	PASS	isa
rv64mzicbo-p-zero	FAIL	FAIL	isa
rv64si-p-csr	PASS	PASS	isa
rv64si-p-dirty	PASS	PASS	isa
rv64si-p-icache-alias	PASS	PASS	isa
rv64si-p-ma_fetch	PASS	PASS	isa
rv64si-p-sbreak	PASS	PASS	isa
rv64si-p-scall	PASS	PASS	isa
rv64si-p-wfi	PASS	PASS	isa
rv64ssvnapot-p-napot	PASS	PASS	isa
rv64ua-p-amoadd_d	PASS	PASS	isa
rv64ua-p-amoadd_w	PASS	PASS	isa
rv64ua-p-amoand_d	PASS	PASS	isa
rv64ua-p-amoand_w	PASS	PASS	isa
rv64ua-p-amomax_d	PASS	PASS	isa
rv64ua-p-amomax_w	PASS	PASS	isa
rv64ua-p-amomaxu_d	PASS	PASS	isa
rv64ua-p-amomaxu_w	PASS	PASS	isa
rv64ua-p-amomin_d	PASS	PASS	isa
rv64ua-p-amomin_w	PASS	PASS	isa
rv64ua-p-amominu_d	PASS	PASS	isa
rv64ua-p-amominu_w	PASS	PASS	isa
rv64ua-p-amoor_d	PASS	PASS	isa
rv64ua-p-amoor_w	PASS	PASS	isa
rv64ua-p-amoswap_d	PASS	PASS	isa
rv64ua-p-amoswap_w	PASS	PASS	isa
rv64ua-p-amoxor_d	PASS	PASS	isa
rv64ua-p-amoxor_w	PASS	PASS	isa
rv64ua-p-lrsc	PASS	PASS	isa
rv64ua-v-amoadd_d	PASS	PASS	isa
rv64ua-v-amoadd_w	PASS	PASS	isa
rv64ua-v-amoand_d	PASS	PASS	isa
rv64ua-v-amoand_w	PASS	PASS	isa
rv64ua-v-amomax_d	PASS	PASS	isa
rv64ua-v-amomax_w	PASS	PASS	isa
rv64ua-v-amomaxu_d	PASS	PASS	isa
rv64ua-v-amomaxu_w	PASS	PASS	isa
rv64ua-v-amomin_d	PASS	PASS	isa
rv64ua-v-amomin_w	PASS	PASS	isa
rv64ua-v-amominu_d	PASS	PASS	isa
rv64ua-v-amominu_w	PASS	PASS	isa
rv64ua-v-amoor_d	PASS	PASS	isa
rv64ua-v-amoor_w	PASS	PASS	isa
rv64ua-v-amoswap_d	PASS	PASS	isa
rv64ua-v-amoswap_w	PASS	PASS	isa
rv64ua-v-amoxor_d	PASS	PASS	isa
rv64ua-v-amoxor_w	PASS	PASS	isa
rv64ua-v-lrsc	PASS	PASS	isa
rv64uc-p-rvc	PASS	PASS	isa
rv64uc-v-rvc	PASS	PASS	isa
rv64ud-p-fadd	PASS	PASS	isa
rv64ud-p-fclass	PASS	PASS	isa
rv64ud-p-fcmp	PASS	PASS	isa
rv64ud-p-fcvt	PASS	PASS	isa
rv64ud-p-fcvt_w	PASS	PASS	isa
rv64ud-p-fdiv	PASS	PASS	isa
rv64ud-p-fmadd	PASS	PASS	isa
rv64ud-p-fmin	PASS	PASS	isa
rv64ud-p-ldst	PASS	PASS	isa
rv64ud-p-move	PASS	PASS	isa
rv64ud-p-recoding	PASS	PASS	isa
rv64ud-p-structural	PASS	PASS	isa
rv64ud-v-fadd	PASS	PASS	isa
rv64ud-v-fclass	PASS	PASS	isa
rv64ud-v-fcmp	PASS	PASS	isa
rv64ud-v-fcvt	PASS	PASS	isa
rv64ud-v-fcvt_w	PASS	PASS	isa
rv64ud-v-fdiv	PASS	PASS	isa
rv64ud-v-fmadd	PASS	PASS	isa
rv64ud-v-fmin	PASS	PASS	isa
rv64ud-v-ldst	PASS	PASS	isa
rv64ud-v-move	PASS	PASS	isa
rv64ud-v-recoding	PASS	PASS	isa
rv64ud-v-structural	PASS	PASS	isa
rv64uf-p-fadd	PASS	PASS	isa
rv64uf-p-fclass	PASS	PASS	isa
rv64uf-p-fcmp	PASS	PASS	isa
rv64uf-p-fcvt	PASS	PASS	isa
rv64uf-p-fcvt_w	PASS	PASS	isa
rv64uf-p-fdiv	PASS	PASS	isa
rv64uf-p-fmadd	PASS	PASS	isa
rv64uf-p-fmin	PASS	PASS	isa
rv64uf-p-ldst	PASS	PASS	isa
rv64uf-p-move	PASS	PASS	isa
rv64uf-p-recoding	PASS	PASS	isa
rv64uf-v-fadd	PASS	PASS	isa
rv64uf-v-fclass	PASS	PASS	isa
rv64uf-v-fcmp	PASS	PASS	isa
rv64uf-v-fcvt	PASS	PASS	isa
rv64uf-v-fcvt_w	PASS	PASS	isa
rv64uf-v-fdiv	PASS	PASS	isa
rv64uf-v-fmadd	PASS	PASS	isa
rv64uf-v-fmin	PASS	PASS	isa
rv64uf-v-ldst	PASS	PASS	isa
rv64uf-v-move	PASS	PASS	isa
rv64uf-v-recoding	PASS	PASS	isa
rv64ui-p-add	PASS	PASS	isa
rv64ui-p-addi	PASS	PASS	isa
rv64ui-p-addiw	PASS	PASS	isa
rv64ui-p-addw	PASS	PASS	isa
rv64ui-p-and	PASS	PASS	isa
rv64ui-p-andi	PASS	PASS	isa
rv64ui-p-auipc	PASS	PASS	isa
rv64ui-p-beq	PASS	PASS	isa
rv64ui-p-bge	PASS	PASS	isa
rv64ui-p-bgeu	PASS	PASS	isa
rv64ui-p-blt	PASS	PASS	isa
rv64ui-p-bltu	PASS	PASS	isa
rv64ui-p-bne	PASS	PASS	isa
rv64ui-p-fence_i	PASS	PASS	isa
rv64ui-p-jal	PASS	PASS	isa
rv64ui-p-jalr	PASS	PASS	isa
rv64ui-p-lb	PASS	PASS	isa
rv64ui-p-lbu	PASS	PASS	isa
rv64ui-p-ld	PASS	PASS	isa
rv64ui-p-lh	PASS	PASS	isa
rv64ui-p-lhu	PASS	PASS	isa
rv64ui-p-lui	PASS	PASS	isa
rv64ui-p-lw	PASS	PASS	isa
rv64ui-p-lwu	PASS	PASS	isa
rv64ui-p-ma_data	FAIL	FAIL	isa
rv64ui-p-or	PASS	PASS	isa
rv64ui-p-ori	PASS	PASS	isa
rv64ui-p-sb	PASS	PASS	isa
rv64ui-p-sd	PASS	PASS	isa
rv64ui-p-sh	PASS	PASS	isa
rv64ui-p-simple	PASS	PASS	isa
rv64ui-p-sll	PASS	PASS	isa
rv64ui-p-slli	PASS	PASS	isa
rv64ui-p-slliw	PASS	PASS	isa
rv64ui-p-sllw	PASS	PASS	isa
rv64ui-p-slt	PASS	PASS	isa
rv64ui-p-slti	PASS	PASS	isa
rv64ui-p-sltiu	PASS	PASS	isa
rv64ui-p-sltu	PASS	PASS	isa
rv64ui-p-sra	PASS	PASS	isa
rv64ui-p-srai	PASS	PASS	isa
rv64ui-p-sraiw	PASS	PASS	isa
rv64ui-p-sraw	PASS	PASS	isa
rv64ui-p-srl	PASS	PASS	isa
rv64ui-p-srli	PASS	PASS	isa
rv64ui-p-srliw	PASS	PASS	isa
rv64ui-p-srlw	PASS	PASS	isa
rv64ui-p-sub	PASS	PASS	isa
rv64ui-p-subw	PASS	PASS	isa
rv64ui-p-sw	PASS	PASS	isa
rv64ui-p-xor	PASS	PASS	isa
rv64ui-p-xori	PASS	PASS	isa
rv64ui-v-add	PASS	PASS	isa
rv64ui-v-addi	PASS	PASS	isa
rv64ui-v-addiw	PASS	PASS	isa
rv64ui-v-addw	PASS	PASS	isa
rv64ui-v-and	PASS	PASS	isa
rv64ui-v-andi	PASS	PASS	isa
rv64ui-v-auipc	PASS	PASS	isa
rv64ui-v-beq	PASS	PASS	isa
rv64ui-v-bge	PASS	PASS	isa
rv64ui-v-bgeu	PASS	PASS	isa
rv64ui-v-blt	PASS	PASS	isa
rv64ui-v-bltu	PASS	PASS	isa
rv64ui-v-bne	PASS	PASS	isa
rv64ui-v-fence_i	PASS	PASS	isa
rv64ui-v-jal	PASS	PASS	isa
rv64ui-v-jalr	PASS	PASS	isa
rv64ui-v-lb	PASS	PASS	isa
rv64ui-v-lbu	PASS	PASS	isa
rv64ui-v-ld	PASS	PASS	isa
rv64ui-v-lh	PASS	PASS	isa
rv64ui-v-lhu	PASS	PASS	isa
rv64ui-v-lui	PASS	PASS	isa
rv64ui-v-lw	PASS	PASS	isa
rv64ui-v-lwu	PASS	PASS	isa
rv64ui-v-ma_data	WALL_TIMEOUT	WALL_TIMEOUT	isa
rv64ui-v-or	PASS	PASS	isa
rv64ui-v-ori	PASS	PASS	isa
rv64ui-v-sb	PASS	PASS	isa
rv64ui-v-sd	PASS	PASS	isa
rv64ui-v-sh	PASS	PASS	isa
rv64ui-v-simple	PASS	PASS	isa
rv64ui-v-sll	PASS	PASS	isa
rv64ui-v-slli	PASS	PASS	isa
rv64ui-v-slliw	PASS	PASS	isa
rv64ui-v-sllw	PASS	PASS	isa
rv64ui-v-slt	PASS	PASS	isa
rv64ui-v-slti	PASS	PASS	isa
rv64ui-v-sltiu	PASS	PASS	isa
rv64ui-v-sltu	PASS	PASS	isa
rv64ui-v-sra	PASS	PASS	isa
rv64ui-v-srai	PASS	PASS	isa
rv64ui-v-sraiw	PASS	PASS	isa
rv64ui-v-sraw	PASS	PASS	isa
rv64ui-v-srl	PASS	PASS	isa
rv64ui-v-srli	PASS	PASS	isa
rv64ui-v-srliw	PASS	PASS	isa
rv64ui-v-srlw	PASS	PASS	isa
rv64ui-v-sub	PASS	PASS	isa
rv64ui-v-subw	PASS	PASS	isa
rv64ui-v-sw	PASS	PASS	isa
rv64ui-v-xor	PASS	PASS	isa
rv64ui-v-xori	PASS	PASS	isa
rv64um-p-div	PASS	PASS	isa
rv64um-p-divu	PASS	PASS	isa
rv64um-p-divuw	PASS	PASS	isa
rv64um-p-divw	PASS	PASS	isa
rv64um-p-mul	PASS	PASS	isa
rv64um-p-mulh	PASS	PASS	isa
rv64um-p-mulhsu	PASS	PASS	isa
rv64um-p-mulhu	PASS	PASS	isa
rv64um-p-mulw	PASS	PASS	isa
rv64um-p-rem	PASS	PASS	isa
rv64um-p-remu	PASS	PASS	isa
rv64um-p-remuw	PASS	PASS	isa
rv64um-p-remw	PASS	PASS	isa
rv64um-v-div	PASS	PASS	isa
rv64um-v-divu	PASS	PASS	isa
rv64um-v-divuw	PASS	PASS	isa
rv64um-v-divw	PASS	PASS	isa
rv64um-v-mul	PASS	PASS	isa
rv64um-v-mulh	PASS	PASS	isa
rv64um-v-mulhsu	PASS	PASS	isa
rv64um-v-mulhu	PASS	PASS	isa
rv64um-v-mulw	PASS	PASS	isa
rv64um-v-rem	PASS	PASS	isa
rv64um-v-remu	PASS	PASS	isa
rv64um-v-remuw	PASS	PASS	isa
rv64um-v-remw	PASS	PASS	isa
rv64uzba-p-add_uw	PASS	PASS	isa
rv64uzba-p-sh1add	PASS	PASS	isa
rv64uzba-p-sh1add_uw	PASS	PASS	isa
rv64uzba-p-sh2add	PASS	PASS	isa
rv64uzba-p-sh2add_uw	PASS	PASS	isa
rv64uzba-p-sh3add	PASS	PASS	isa
rv64uzba-p-sh3add_uw	PASS	PASS	isa
rv64uzba-p-slli_uw	PASS	PASS	isa
rv64uzba-v-add_uw	PASS	PASS	isa
rv64uzba-v-sh1add	PASS	PASS	isa
rv64uzba-v-sh1add_uw	PASS	PASS	isa
rv64uzba-v-sh2add	PASS	PASS	isa
rv64uzba-v-sh2add_uw	PASS	PASS	isa
rv64uzba-v-sh3add	PASS	PASS	isa
rv64uzba-v-sh3add_uw	PASS	PASS	isa
rv64uzba-v-slli_uw	PASS	PASS	isa
rv64uzbb-p-andn	PASS	PASS	isa
rv64uzbb-p-clz	PASS	PASS	isa
rv64uzbb-p-clzw	PASS	PASS	isa
rv64uzbb-p-cpop	PASS	PASS	isa
rv64uzbb-p-cpopw	PASS	PASS	isa
rv64uzbb-p-ctz	PASS	PASS	isa
rv64uzbb-p-ctzw	PASS	PASS	isa
rv64uzbb-p-max	PASS	PASS	isa
rv64uzbb-p-maxu	PASS	PASS	isa
rv64uzbb-p-min	PASS	PASS	isa
rv64uzbb-p-minu	PASS	PASS	isa
rv64uzbb-p-orc_b	PASS	PASS	isa
rv64uzbb-p-orn	PASS	PASS	isa
rv64uzbb-p-rev8	PASS	PASS	isa
rv64uzbb-p-rol	PASS	PASS	isa
rv64uzbb-p-rolw	PASS	PASS	isa
rv64uzbb-p-ror	PASS	PASS	isa
rv64uzbb-p-rori	PASS	PASS	isa
rv64uzbb-p-roriw	PASS	PASS	isa
rv64uzbb-p-rorw	PASS	PASS	isa
rv64uzbb-p-sext_b	PASS	PASS	isa
rv64uzbb-p-sext_h	PASS	PASS	isa
rv64uzbb-p-xnor	PASS	PASS	isa
rv64uzbb-p-zext_h	PASS	PASS	isa
rv64uzbb-v-andn	PASS	PASS	isa
rv64uzbb-v-clz	PASS	PASS	isa
rv64uzbb-v-clzw	PASS	PASS	isa
rv64uzbb-v-cpop	PASS	PASS	isa
rv64uzbb-v-cpopw	PASS	PASS	isa
rv64uzbb-v-ctz	PASS	PASS	isa
rv64uzbb-v-ctzw	PASS	PASS	isa
rv64uzbb-v-max	PASS	PASS	isa
rv64uzbb-v-maxu	PASS	PASS	isa
rv64uzbb-v-min	PASS	PASS	isa
rv64uzbb-v-minu	PASS	PASS	isa
rv64uzbb-v-orc_b	PASS	PASS	isa
rv64uzbb-v-orn	PASS	PASS	isa
rv64uzbb-v-rev8	PASS	PASS	isa
rv64uzbb-v-rol	PASS	PASS	isa
rv64uzbb-v-rolw	PASS	PASS	isa
rv64uzbb-v-ror	PASS	PASS	isa
rv64uzbb-v-rori	PASS	PASS	isa
rv64uzbb-v-roriw	PASS	PASS	isa
rv64uzbb-v-rorw	PASS	PASS	isa
rv64uzbb-v-sext_b	PASS	PASS	isa
rv64uzbb-v-sext_h	PASS	PASS	isa
rv64uzbb-v-xnor	PASS	PASS	isa
rv64uzbb-v-zext_h	PASS	PASS	isa
rv64uzbc-p-clmul	FAIL	FAIL	isa
rv64uzbc-p-clmulh	FAIL	FAIL	isa
rv64uzbc-p-clmulr	FAIL	FAIL	isa
rv64uzbc-v-clmul	WALL_TIMEOUT	WALL_TIMEOUT	isa
rv64uzbc-v-clmulh	WALL_TIMEOUT	WALL_TIMEOUT	isa
rv64uzbc-v-clmulr	WALL_TIMEOUT	WALL_TIMEOUT	isa
rv64uzbs-p-bclr	PASS	PASS	isa
rv64uzbs-p-bclri	PASS	PASS	isa
rv64uzbs-p-bext	PASS	PASS	isa
rv64uzbs-p-bexti	PASS	PASS	isa
rv64uzbs-p-binv	PASS	PASS	isa
rv64uzbs-p-binvi	PASS	PASS	isa
rv64uzbs-p-bset	PASS	PASS	isa
rv64uzbs-p-bseti	PASS	PASS	isa
rv64uzbs-v-bclr	PASS	PASS	isa
rv64uzbs-v-bclri	PASS	PASS	isa
rv64uzbs-v-bext	PASS	PASS	isa
rv64uzbs-v-bexti	PASS	PASS	isa
rv64uzbs-v-binv	PASS	PASS	isa
rv64uzbs-v-binvi	PASS	PASS	isa
rv64uzbs-v-bset	PASS	PASS	isa
rv64uzbs-v-bseti	PASS	PASS	isa
rv64uzfh-p-fadd	PASS	PASS	isa
rv64uzfh-p-fclass	PASS	PASS	isa
rv64uzfh-p-fcmp	PASS	PASS	isa
rv64uzfh-p-fcvt	PASS	PASS	isa
rv64uzfh-p-fcvt_w	PASS	PASS	isa
rv64uzfh-p-fdiv	PASS	PASS	isa
rv64uzfh-p-fmadd	PASS	PASS	isa
rv64uzfh-p-fmin	PASS	PASS	isa
rv64uzfh-p-ldst	PASS	PASS	isa
rv64uzfh-p-move	PASS	PASS	isa
rv64uzfh-p-recoding	PASS	PASS	isa
rv64uzfh-v-fadd	PASS	PASS	isa
rv64uzfh-v-fclass	PASS	PASS	isa
rv64uzfh-v-fcmp	PASS	PASS	isa
rv64uzfh-v-fcvt	PASS	PASS	isa
rv64uzfh-v-fcvt_w	PASS	PASS	isa
rv64uzfh-v-fdiv	PASS	PASS	isa
rv64uzfh-v-fmadd	PASS	PASS	isa
rv64uzfh-v-fmin	PASS	PASS	isa
rv64uzfh-v-ldst	PASS	PASS	isa
rv64uzfh-v-move	PASS	PASS	isa
rv64uzfh-v-recoding	PASS	PASS	isa
spmv	PASS	PASS	benchmark-configured
towers	PASS	PASS	benchmark-configured
vvadd	PASS	PASS	benchmark-configured
