UnitName,X,Y,Length (m),Width (m),ConfigFile,Label
unit_0,0.000000e+00,0.000000e+00,6.250000e-06,6.250000e-06,,Si
unit_1,6.250000e-06,0.000000e+00,6.250000e-06,6.250000e-06,,Si
unit_2,1.250000e-05,0.000000e+00,6.250000e-06,6.250000e-06,,Si
unit_3,1.875000e-05,0.000000e+00,6.250000e-06,6.250000e-06,,Si
unit_4,2.500000e-05,0.000000e+00,6.250000e-06,6.250000e-06,,Si
unit_5,3.125000e-05,0.000000e+00,6.250000e-06,6.250000e-06,,Si
unit_6,3.750000e-05,0.000000e+00,6.250000e-06,6.250000e-06,,Si
unit_7,4.375000e-05,0.000000e+00,6.250000e-06,6.250000e-06,,Si
unit_8,5.000000e-05,0.000000e+00,6.250000e-06,6.250000e-06,,Si
unit_9,5.625000e-05,0.000000e+00,6.250000e-06,6.250000e-06,,Si
unit_10,6.250000e-05,0.000000e+00,6.250000e-06,6.250000e-06,,Si
unit_11,6.875000e-05,0.000000e+00,6.250000e-06,6.250000e-06,,Si
unit_12,7.500000e-05,0.000000e+00,6.250000e-06,6.250000e-06,,Si
unit_13,8.125000e-05,0.000000e+00,6.250000e-06,6.250000e-06,,Si
unit_14,8.750000e-05,0.000000e+00,6.250000e-06,6.250000e-06,,Si
unit_15,9.375000e-05,0.000000e+00,6.250000e-06,6.250000e-06,,Si
unit_16,1.000000e-04,0.000000e+00,6.250000e-06,6.250000e-06,,Si
unit_17,1.062500e-04,0.000000e+00,6.250000e-06,6.250000e-06,,Si
unit_18,1.125000e-04,0.000000e+00,6.250000e-06,6.250000e-06,,Si
unit_19,1.187500e-04,0.000000e+00,6.250000e-06,6.250000e-06,,Si
unit_20,1.250000e-04,0.000000e+00,6.250000e-06,6.250000e-06,,Si
unit_21,1.312500e-04,0.000000e+00,6.250000e-06,6.250000e-06,,Si
unit_22,1.375000e-04,0.000000e+00,6.250000e-06,6.250000e-06,,Si
unit_23,1.437500e-04,0.000000e+00,6.250000e-06,6.250000e-06,,Si
unit_24,1.500000e-04,0.000000e+00,6.250000e-06,6.250000e-06,,Si
unit_25,1.562500e-04,0.000000e+00,6.250000e-06,6.250000e-06,,Si
unit_26,1.625000e-04,0.000000e+00,6.250000e-06,6.250000e-06,,Si
unit_27,1.687500e-04,0.000000e+00,6.250000e-06,6.250000e-06,,Si
unit_28,1.750000e-04,0.000000e+00,6.250000e-06,6.250000e-06,,Si
unit_29,1.812500e-04,0.000000e+00,6.250000e-06,6.250000e-06,,Si
unit_30,1.875000e-04,0.000000e+00,6.250000e-06,6.250000e-06,,Si
unit_31,1.937500e-04,0.000000e+00,6.250000e-06,6.250000e-06,,Si
unit_32,0.000000e+00,6.250000e-06,6.250000e-06,6.250000e-06,,Si
unit_33,6.250000e-06,6.250000e-06,6.250000e-06,6.250000e-06,,Si
unit_34,1.250000e-05,6.250000e-06,6.250000e-06,6.250000e-06,,Si
unit_35,1.875000e-05,6.250000e-06,6.250000e-06,6.250000e-06,,Si
unit_36,2.500000e-05,6.250000e-06,6.250000e-06,6.250000e-06,,Si
unit_37,3.125000e-05,6.250000e-06,6.250000e-06,6.250000e-06,,Si
unit_38,3.750000e-05,6.250000e-06,6.250000e-06,6.250000e-06,,Si
unit_39,4.375000e-05,6.250000e-06,6.250000e-06,6.250000e-06,,Si
unit_40,5.000000e-05,6.250000e-06,6.250000e-06,6.250000e-06,,Si
unit_41,5.625000e-05,6.250000e-06,6.250000e-06,6.250000e-06,,Si
unit_42,6.250000e-05,6.250000e-06,6.250000e-06,6.250000e-06,,Si
unit_43,6.875000e-05,6.250000e-06,6.250000e-06,6.250000e-06,,Si
unit_44,7.500000e-05,6.250000e-06,6.250000e-06,6.250000e-06,,Si
unit_45,8.125000e-05,6.250000e-06,6.250000e-06,6.250000e-06,,Si
unit_46,8.750000e-05,6.250000e-06,6.250000e-06,6.250000e-06,,Si
unit_47,9.375000e-05,6.250000e-06,6.250000e-06,6.250000e-06,,Si
unit_48,1.000000e-04,6.250000e-06,6.250000e-06,6.250000e-06,,Si
unit_49,1.062500e-04,6.250000e-06,6.250000e-06,6.250000e-06,,Si
unit_50,1.125000e-04,6.250000e-06,6.250000e-06,6.250000e-06,,Si
unit_51,1.187500e-04,6.250000e-06,6.250000e-06,6.250000e-06,,Si
unit_52,1.250000e-04,6.250000e-06,6.250000e-06,6.250000e-06,,Si
unit_53,1.312500e-04,6.250000e-06,6.250000e-06,6.250000e-06,,Si
unit_54,1.375000e-04,6.250000e-06,6.250000e-06,6.250000e-06,,Si
unit_55,1.437500e-04,6.250000e-06,6.250000e-06,6.250000e-06,,Si
unit_56,1.500000e-04,6.250000e-06,6.250000e-06,6.250000e-06,,Si
unit_57,1.562500e-04,6.250000e-06,6.250000e-06,6.250000e-06,,Si
unit_58,1.625000e-04,6.250000e-06,6.250000e-06,6.250000e-06,,Si
unit_59,1.687500e-04,6.250000e-06,6.250000e-06,6.250000e-06,,Si
unit_60,1.750000e-04,6.250000e-06,6.250000e-06,6.250000e-06,,Si
unit_61,1.812500e-04,6.250000e-06,6.250000e-06,6.250000e-06,,Si
unit_62,1.875000e-04,6.250000e-06,6.250000e-06,6.250000e-06,,Si
unit_63,1.937500e-04,6.250000e-06,6.250000e-06,6.250000e-06,,Si
unit_64,0.000000e+00,1.250000e-05,6.250000e-06,6.250000e-06,,Si
unit_65,6.250000e-06,1.250000e-05,6.250000e-06,6.250000e-06,,Si
unit_66,1.250000e-05,1.250000e-05,6.250000e-06,6.250000e-06,,Si
unit_67,1.875000e-05,1.250000e-05,6.250000e-06,6.250000e-06,,Si
unit_68,2.500000e-05,1.250000e-05,6.250000e-06,6.250000e-06,,Si
unit_69,3.125000e-05,1.250000e-05,6.250000e-06,6.250000e-06,,Si
unit_70,3.750000e-05,1.250000e-05,6.250000e-06,6.250000e-06,,Si
unit_71,4.375000e-05,1.250000e-05,6.250000e-06,6.250000e-06,,Si
unit_72,5.000000e-05,1.250000e-05,6.250000e-06,6.250000e-06,,Si
unit_73,5.625000e-05,1.250000e-05,6.250000e-06,6.250000e-06,,Si
unit_74,6.250000e-05,1.250000e-05,6.250000e-06,6.250000e-06,,Si
unit_75,6.875000e-05,1.250000e-05,6.250000e-06,6.250000e-06,,Si
unit_76,7.500000e-05,1.250000e-05,6.250000e-06,6.250000e-06,,Si
unit_77,8.125000e-05,1.250000e-05,6.250000e-06,6.250000e-06,,Si
unit_78,8.750000e-05,1.250000e-05,6.250000e-06,6.250000e-06,,Si
unit_79,9.375000e-05,1.250000e-05,6.250000e-06,6.250000e-06,,Si
unit_80,1.000000e-04,1.250000e-05,6.250000e-06,6.250000e-06,,Si
unit_81,1.062500e-04,1.250000e-05,6.250000e-06,6.250000e-06,,Si
unit_82,1.125000e-04,1.250000e-05,6.250000e-06,6.250000e-06,,Si
unit_83,1.187500e-04,1.250000e-05,6.250000e-06,6.250000e-06,,Si
unit_84,1.250000e-04,1.250000e-05,6.250000e-06,6.250000e-06,,Si
unit_85,1.312500e-04,1.250000e-05,6.250000e-06,6.250000e-06,,Si
unit_86,1.375000e-04,1.250000e-05,6.250000e-06,6.250000e-06,,Si
unit_87,1.437500e-04,1.250000e-05,6.250000e-06,6.250000e-06,,Si
unit_88,1.500000e-04,1.250000e-05,6.250000e-06,6.250000e-06,,Si
unit_89,1.562500e-04,1.250000e-05,6.250000e-06,6.250000e-06,,Si
unit_90,1.625000e-04,1.250000e-05,6.250000e-06,6.250000e-06,,Si
unit_91,1.687500e-04,1.250000e-05,6.250000e-06,6.250000e-06,,Si
unit_92,1.750000e-04,1.250000e-05,6.250000e-06,6.250000e-06,,Si
unit_93,1.812500e-04,1.250000e-05,6.250000e-06,6.250000e-06,,Si
unit_94,1.875000e-04,1.250000e-05,6.250000e-06,6.250000e-06,,Si
unit_95,1.937500e-04,1.250000e-05,6.250000e-06,6.250000e-06,,Si
unit_96,0.000000e+00,1.875000e-05,6.250000e-06,6.250000e-06,,Si
unit_97,6.250000e-06,1.875000e-05,6.250000e-06,6.250000e-06,,Si
unit_98,1.250000e-05,1.875000e-05,6.250000e-06,6.250000e-06,,Si
unit_99,1.875000e-05,1.875000e-05,6.250000e-06,6.250000e-06,,Si
unit_100,2.500000e-05,1.875000e-05,6.250000e-06,6.250000e-06,,Si
unit_101,3.125000e-05,1.875000e-05,6.250000e-06,6.250000e-06,,Si
unit_102,3.750000e-05,1.875000e-05,6.250000e-06,6.250000e-06,,Si
unit_103,4.375000e-05,1.875000e-05,6.250000e-06,6.250000e-06,,Si
unit_104,5.000000e-05,1.875000e-05,6.250000e-06,6.250000e-06,,Si
unit_105,5.625000e-05,1.875000e-05,6.250000e-06,6.250000e-06,,Si
unit_106,6.250000e-05,1.875000e-05,6.250000e-06,6.250000e-06,,Si
unit_107,6.875000e-05,1.875000e-05,6.250000e-06,6.250000e-06,,Si
unit_108,7.500000e-05,1.875000e-05,6.250000e-06,6.250000e-06,,Si
unit_109,8.125000e-05,1.875000e-05,6.250000e-06,6.250000e-06,,Si
unit_110,8.750000e-05,1.875000e-05,6.250000e-06,6.250000e-06,,Si
unit_111,9.375000e-05,1.875000e-05,6.250000e-06,6.250000e-06,,Si
unit_112,1.000000e-04,1.875000e-05,6.250000e-06,6.250000e-06,,Si
unit_113,1.062500e-04,1.875000e-05,6.250000e-06,6.250000e-06,,Si
unit_114,1.125000e-04,1.875000e-05,6.250000e-06,6.250000e-06,,Si
unit_115,1.187500e-04,1.875000e-05,6.250000e-06,6.250000e-06,,Si
unit_116,1.250000e-04,1.875000e-05,6.250000e-06,6.250000e-06,,Si
unit_117,1.312500e-04,1.875000e-05,6.250000e-06,6.250000e-06,,Si
unit_118,1.375000e-04,1.875000e-05,6.250000e-06,6.250000e-06,,Si
unit_119,1.437500e-04,1.875000e-05,6.250000e-06,6.250000e-06,,Si
unit_120,1.500000e-04,1.875000e-05,6.250000e-06,6.250000e-06,,Si
unit_121,1.562500e-04,1.875000e-05,6.250000e-06,6.250000e-06,,Si
unit_122,1.625000e-04,1.875000e-05,6.250000e-06,6.250000e-06,,Si
unit_123,1.687500e-04,1.875000e-05,6.250000e-06,6.250000e-06,,Si
unit_124,1.750000e-04,1.875000e-05,6.250000e-06,6.250000e-06,,Si
unit_125,1.812500e-04,1.875000e-05,6.250000e-06,6.250000e-06,,Si
unit_126,1.875000e-04,1.875000e-05,6.250000e-06,6.250000e-06,,Si
unit_127,1.937500e-04,1.875000e-05,6.250000e-06,6.250000e-06,,Si
unit_128,0.000000e+00,2.500000e-05,6.250000e-06,6.250000e-06,,Si
unit_129,6.250000e-06,2.500000e-05,6.250000e-06,6.250000e-06,,Si
unit_130,1.250000e-05,2.500000e-05,6.250000e-06,6.250000e-06,,Si
unit_131,1.875000e-05,2.500000e-05,6.250000e-06,6.250000e-06,,Si
unit_132,2.500000e-05,2.500000e-05,6.250000e-06,6.250000e-06,,Si
unit_133,3.125000e-05,2.500000e-05,6.250000e-06,6.250000e-06,,Si
unit_134,3.750000e-05,2.500000e-05,6.250000e-06,6.250000e-06,,Si
unit_135,4.375000e-05,2.500000e-05,6.250000e-06,6.250000e-06,,Si
unit_136,5.000000e-05,2.500000e-05,6.250000e-06,6.250000e-06,,Si
unit_137,5.625000e-05,2.500000e-05,6.250000e-06,6.250000e-06,,Si
unit_138,6.250000e-05,2.500000e-05,6.250000e-06,6.250000e-06,,Si
unit_139,6.875000e-05,2.500000e-05,6.250000e-06,6.250000e-06,,Si
unit_140,7.500000e-05,2.500000e-05,6.250000e-06,6.250000e-06,,Si
unit_141,8.125000e-05,2.500000e-05,6.250000e-06,6.250000e-06,,Si
unit_142,8.750000e-05,2.500000e-05,6.250000e-06,6.250000e-06,,Si
unit_143,9.375000e-05,2.500000e-05,6.250000e-06,6.250000e-06,,Si
unit_144,1.000000e-04,2.500000e-05,6.250000e-06,6.250000e-06,,Si
unit_145,1.062500e-04,2.500000e-05,6.250000e-06,6.250000e-06,,Si
unit_146,1.125000e-04,2.500000e-05,6.250000e-06,6.250000e-06,,Si
unit_147,1.187500e-04,2.500000e-05,6.250000e-06,6.250000e-06,,Si
unit_148,1.250000e-04,2.500000e-05,6.250000e-06,6.250000e-06,,Si
unit_149,1.312500e-04,2.500000e-05,6.250000e-06,6.250000e-06,,Si
unit_150,1.375000e-04,2.500000e-05,6.250000e-06,6.250000e-06,,Si
unit_151,1.437500e-04,2.500000e-05,6.250000e-06,6.250000e-06,,Si
unit_152,1.500000e-04,2.500000e-05,6.250000e-06,6.250000e-06,,Si
unit_153,1.562500e-04,2.500000e-05,6.250000e-06,6.250000e-06,,Si
unit_154,1.625000e-04,2.500000e-05,6.250000e-06,6.250000e-06,,Si
unit_155,1.687500e-04,2.500000e-05,6.250000e-06,6.250000e-06,,Si
unit_156,1.750000e-04,2.500000e-05,6.250000e-06,6.250000e-06,,Si
unit_157,1.812500e-04,2.500000e-05,6.250000e-06,6.250000e-06,,Si
unit_158,1.875000e-04,2.500000e-05,6.250000e-06,6.250000e-06,,Si
unit_159,1.937500e-04,2.500000e-05,6.250000e-06,6.250000e-06,,Si
unit_160,0.000000e+00,3.125000e-05,6.250000e-06,6.250000e-06,,Si
unit_161,6.250000e-06,3.125000e-05,6.250000e-06,6.250000e-06,,Si
unit_162,1.250000e-05,3.125000e-05,6.250000e-06,6.250000e-06,,Si
unit_163,1.875000e-05,3.125000e-05,6.250000e-06,6.250000e-06,,Si
unit_164,2.500000e-05,3.125000e-05,6.250000e-06,6.250000e-06,,Si
unit_165,3.125000e-05,3.125000e-05,6.250000e-06,6.250000e-06,,Si
unit_166,3.750000e-05,3.125000e-05,6.250000e-06,6.250000e-06,,Si
unit_167,4.375000e-05,3.125000e-05,6.250000e-06,6.250000e-06,,Si
unit_168,5.000000e-05,3.125000e-05,6.250000e-06,6.250000e-06,,Si
unit_169,5.625000e-05,3.125000e-05,6.250000e-06,6.250000e-06,,Si
unit_170,6.250000e-05,3.125000e-05,6.250000e-06,6.250000e-06,,Si
unit_171,6.875000e-05,3.125000e-05,6.250000e-06,6.250000e-06,,Si
unit_172,7.500000e-05,3.125000e-05,6.250000e-06,6.250000e-06,,Si
unit_173,8.125000e-05,3.125000e-05,6.250000e-06,6.250000e-06,,Si
unit_174,8.750000e-05,3.125000e-05,6.250000e-06,6.250000e-06,,Si
unit_175,9.375000e-05,3.125000e-05,6.250000e-06,6.250000e-06,,Si
unit_176,1.000000e-04,3.125000e-05,6.250000e-06,6.250000e-06,,Si
unit_177,1.062500e-04,3.125000e-05,6.250000e-06,6.250000e-06,,Si
unit_178,1.125000e-04,3.125000e-05,6.250000e-06,6.250000e-06,,Si
unit_179,1.187500e-04,3.125000e-05,6.250000e-06,6.250000e-06,,Si
unit_180,1.250000e-04,3.125000e-05,6.250000e-06,6.250000e-06,,Si
unit_181,1.312500e-04,3.125000e-05,6.250000e-06,6.250000e-06,,Si
unit_182,1.375000e-04,3.125000e-05,6.250000e-06,6.250000e-06,,Si
unit_183,1.437500e-04,3.125000e-05,6.250000e-06,6.250000e-06,,Si
unit_184,1.500000e-04,3.125000e-05,6.250000e-06,6.250000e-06,,Si
unit_185,1.562500e-04,3.125000e-05,6.250000e-06,6.250000e-06,,Si
unit_186,1.625000e-04,3.125000e-05,6.250000e-06,6.250000e-06,,Si
unit_187,1.687500e-04,3.125000e-05,6.250000e-06,6.250000e-06,,Si
unit_188,1.750000e-04,3.125000e-05,6.250000e-06,6.250000e-06,,Si
unit_189,1.812500e-04,3.125000e-05,6.250000e-06,6.250000e-06,,Si
unit_190,1.875000e-04,3.125000e-05,6.250000e-06,6.250000e-06,,Si
unit_191,1.937500e-04,3.125000e-05,6.250000e-06,6.250000e-06,,Si
unit_192,0.000000e+00,3.750000e-05,6.250000e-06,6.250000e-06,,Si
unit_193,6.250000e-06,3.750000e-05,6.250000e-06,6.250000e-06,,Si
unit_194,1.250000e-05,3.750000e-05,6.250000e-06,6.250000e-06,,Si
unit_195,1.875000e-05,3.750000e-05,6.250000e-06,6.250000e-06,,Si
unit_196,2.500000e-05,3.750000e-05,6.250000e-06,6.250000e-06,,Si
unit_197,3.125000e-05,3.750000e-05,6.250000e-06,6.250000e-06,,Si
unit_198,3.750000e-05,3.750000e-05,6.250000e-06,6.250000e-06,,Si
unit_199,4.375000e-05,3.750000e-05,6.250000e-06,6.250000e-06,,Si
unit_200,5.000000e-05,3.750000e-05,6.250000e-06,6.250000e-06,,Si
unit_201,5.625000e-05,3.750000e-05,6.250000e-06,6.250000e-06,,Si
unit_202,6.250000e-05,3.750000e-05,6.250000e-06,6.250000e-06,,Si
unit_203,6.875000e-05,3.750000e-05,6.250000e-06,6.250000e-06,,Si
unit_204,7.500000e-05,3.750000e-05,6.250000e-06,6.250000e-06,,Si
unit_205,8.125000e-05,3.750000e-05,6.250000e-06,6.250000e-06,,Si
unit_206,8.750000e-05,3.750000e-05,6.250000e-06,6.250000e-06,,Si
unit_207,9.375000e-05,3.750000e-05,6.250000e-06,6.250000e-06,,Si
unit_208,1.000000e-04,3.750000e-05,6.250000e-06,6.250000e-06,,Si
unit_209,1.062500e-04,3.750000e-05,6.250000e-06,6.250000e-06,,Si
unit_210,1.125000e-04,3.750000e-05,6.250000e-06,6.250000e-06,,Si
unit_211,1.187500e-04,3.750000e-05,6.250000e-06,6.250000e-06,,Si
unit_212,1.250000e-04,3.750000e-05,6.250000e-06,6.250000e-06,,Si
unit_213,1.312500e-04,3.750000e-05,6.250000e-06,6.250000e-06,,Si
unit_214,1.375000e-04,3.750000e-05,6.250000e-06,6.250000e-06,,Si
unit_215,1.437500e-04,3.750000e-05,6.250000e-06,6.250000e-06,,Si
unit_216,1.500000e-04,3.750000e-05,6.250000e-06,6.250000e-06,,Si
unit_217,1.562500e-04,3.750000e-05,6.250000e-06,6.250000e-06,,Si
unit_218,1.625000e-04,3.750000e-05,6.250000e-06,6.250000e-06,,Si
unit_219,1.687500e-04,3.750000e-05,6.250000e-06,6.250000e-06,,Si
unit_220,1.750000e-04,3.750000e-05,6.250000e-06,6.250000e-06,,Si
unit_221,1.812500e-04,3.750000e-05,6.250000e-06,6.250000e-06,,Si
unit_222,1.875000e-04,3.750000e-05,6.250000e-06,6.250000e-06,,Si
unit_223,1.937500e-04,3.750000e-05,6.250000e-06,6.250000e-06,,Si
unit_224,0.000000e+00,4.375000e-05,6.250000e-06,6.250000e-06,,Si
unit_225,6.250000e-06,4.375000e-05,6.250000e-06,6.250000e-06,,Si
unit_226,1.250000e-05,4.375000e-05,6.250000e-06,6.250000e-06,,Si
unit_227,1.875000e-05,4.375000e-05,6.250000e-06,6.250000e-06,,Si
unit_228,2.500000e-05,4.375000e-05,6.250000e-06,6.250000e-06,,Si
unit_229,3.125000e-05,4.375000e-05,6.250000e-06,6.250000e-06,,Si
unit_230,3.750000e-05,4.375000e-05,6.250000e-06,6.250000e-06,,Si
unit_231,4.375000e-05,4.375000e-05,6.250000e-06,6.250000e-06,,Si
unit_232,5.000000e-05,4.375000e-05,6.250000e-06,6.250000e-06,,Si
unit_233,5.625000e-05,4.375000e-05,6.250000e-06,6.250000e-06,,Si
unit_234,6.250000e-05,4.375000e-05,6.250000e-06,6.250000e-06,,Si
unit_235,6.875000e-05,4.375000e-05,6.250000e-06,6.250000e-06,,Si
unit_236,7.500000e-05,4.375000e-05,6.250000e-06,6.250000e-06,,Si
unit_237,8.125000e-05,4.375000e-05,6.250000e-06,6.250000e-06,,Si
unit_238,8.750000e-05,4.375000e-05,6.250000e-06,6.250000e-06,,Si
unit_239,9.375000e-05,4.375000e-05,6.250000e-06,6.250000e-06,,Si
unit_240,1.000000e-04,4.375000e-05,6.250000e-06,6.250000e-06,,Si
unit_241,1.062500e-04,4.375000e-05,6.250000e-06,6.250000e-06,,Si
unit_242,1.125000e-04,4.375000e-05,6.250000e-06,6.250000e-06,,Si
unit_243,1.187500e-04,4.375000e-05,6.250000e-06,6.250000e-06,,Si
unit_244,1.250000e-04,4.375000e-05,6.250000e-06,6.250000e-06,,Si
unit_245,1.312500e-04,4.375000e-05,6.250000e-06,6.250000e-06,,Si
unit_246,1.375000e-04,4.375000e-05,6.250000e-06,6.250000e-06,,Si
unit_247,1.437500e-04,4.375000e-05,6.250000e-06,6.250000e-06,,Si
unit_248,1.500000e-04,4.375000e-05,6.250000e-06,6.250000e-06,,Si
unit_249,1.562500e-04,4.375000e-05,6.250000e-06,6.250000e-06,,Si
unit_250,1.625000e-04,4.375000e-05,6.250000e-06,6.250000e-06,,Si
unit_251,1.687500e-04,4.375000e-05,6.250000e-06,6.250000e-06,,Si
unit_252,1.750000e-04,4.375000e-05,6.250000e-06,6.250000e-06,,Si
unit_253,1.812500e-04,4.375000e-05,6.250000e-06,6.250000e-06,,Si
unit_254,1.875000e-04,4.375000e-05,6.250000e-06,6.250000e-06,,Si
unit_255,1.937500e-04,4.375000e-05,6.250000e-06,6.250000e-06,,Si
unit_256,0.000000e+00,5.000000e-05,6.250000e-06,6.250000e-06,,Si
unit_257,6.250000e-06,5.000000e-05,6.250000e-06,6.250000e-06,,Si
unit_258,1.250000e-05,5.000000e-05,6.250000e-06,6.250000e-06,,Si
unit_259,1.875000e-05,5.000000e-05,6.250000e-06,6.250000e-06,,Si
unit_260,2.500000e-05,5.000000e-05,6.250000e-06,6.250000e-06,,Si
unit_261,3.125000e-05,5.000000e-05,6.250000e-06,6.250000e-06,,Si
unit_262,3.750000e-05,5.000000e-05,6.250000e-06,6.250000e-06,,Si
unit_263,4.375000e-05,5.000000e-05,6.250000e-06,6.250000e-06,,Si
unit_264,5.000000e-05,5.000000e-05,6.250000e-06,6.250000e-06,,Si
unit_265,5.625000e-05,5.000000e-05,6.250000e-06,6.250000e-06,,Si
unit_266,6.250000e-05,5.000000e-05,6.250000e-06,6.250000e-06,,Si
unit_267,6.875000e-05,5.000000e-05,6.250000e-06,6.250000e-06,,Si
unit_268,7.500000e-05,5.000000e-05,6.250000e-06,6.250000e-06,,Si
unit_269,8.125000e-05,5.000000e-05,6.250000e-06,6.250000e-06,,Si
unit_270,8.750000e-05,5.000000e-05,6.250000e-06,6.250000e-06,,Si
unit_271,9.375000e-05,5.000000e-05,6.250000e-06,6.250000e-06,,Si
unit_272,1.000000e-04,5.000000e-05,6.250000e-06,6.250000e-06,,Si
unit_273,1.062500e-04,5.000000e-05,6.250000e-06,6.250000e-06,,Si
unit_274,1.125000e-04,5.000000e-05,6.250000e-06,6.250000e-06,,Si
unit_275,1.187500e-04,5.000000e-05,6.250000e-06,6.250000e-06,,Si
unit_276,1.250000e-04,5.000000e-05,6.250000e-06,6.250000e-06,,Si
unit_277,1.312500e-04,5.000000e-05,6.250000e-06,6.250000e-06,,Si
unit_278,1.375000e-04,5.000000e-05,6.250000e-06,6.250000e-06,,Si
unit_279,1.437500e-04,5.000000e-05,6.250000e-06,6.250000e-06,,Si
unit_280,1.500000e-04,5.000000e-05,6.250000e-06,6.250000e-06,,Si
unit_281,1.562500e-04,5.000000e-05,6.250000e-06,6.250000e-06,,Si
unit_282,1.625000e-04,5.000000e-05,6.250000e-06,6.250000e-06,,Si
unit_283,1.687500e-04,5.000000e-05,6.250000e-06,6.250000e-06,,Si
unit_284,1.750000e-04,5.000000e-05,6.250000e-06,6.250000e-06,,Si
unit_285,1.812500e-04,5.000000e-05,6.250000e-06,6.250000e-06,,Si
unit_286,1.875000e-04,5.000000e-05,6.250000e-06,6.250000e-06,,Si
unit_287,1.937500e-04,5.000000e-05,6.250000e-06,6.250000e-06,,Si
unit_288,0.000000e+00,5.625000e-05,6.250000e-06,6.250000e-06,,Si
unit_289,6.250000e-06,5.625000e-05,6.250000e-06,6.250000e-06,,Si
unit_290,1.250000e-05,5.625000e-05,6.250000e-06,6.250000e-06,,Si
unit_291,1.875000e-05,5.625000e-05,6.250000e-06,6.250000e-06,,Si
unit_292,2.500000e-05,5.625000e-05,6.250000e-06,6.250000e-06,,Si
unit_293,3.125000e-05,5.625000e-05,6.250000e-06,6.250000e-06,,Si
unit_294,3.750000e-05,5.625000e-05,6.250000e-06,6.250000e-06,,Si
unit_295,4.375000e-05,5.625000e-05,6.250000e-06,6.250000e-06,,Si
unit_296,5.000000e-05,5.625000e-05,6.250000e-06,6.250000e-06,,Si
unit_297,5.625000e-05,5.625000e-05,6.250000e-06,6.250000e-06,,Si
unit_298,6.250000e-05,5.625000e-05,6.250000e-06,6.250000e-06,,Si
unit_299,6.875000e-05,5.625000e-05,6.250000e-06,6.250000e-06,,Si
unit_300,7.500000e-05,5.625000e-05,6.250000e-06,6.250000e-06,,Si
unit_301,8.125000e-05,5.625000e-05,6.250000e-06,6.250000e-06,,Si
unit_302,8.750000e-05,5.625000e-05,6.250000e-06,6.250000e-06,,Si
unit_303,9.375000e-05,5.625000e-05,6.250000e-06,6.250000e-06,,Si
unit_304,1.000000e-04,5.625000e-05,6.250000e-06,6.250000e-06,,Si
unit_305,1.062500e-04,5.625000e-05,6.250000e-06,6.250000e-06,,Si
unit_306,1.125000e-04,5.625000e-05,6.250000e-06,6.250000e-06,,Si
unit_307,1.187500e-04,5.625000e-05,6.250000e-06,6.250000e-06,,Si
unit_308,1.250000e-04,5.625000e-05,6.250000e-06,6.250000e-06,,Si
unit_309,1.312500e-04,5.625000e-05,6.250000e-06,6.250000e-06,,Si
unit_310,1.375000e-04,5.625000e-05,6.250000e-06,6.250000e-06,,Si
unit_311,1.437500e-04,5.625000e-05,6.250000e-06,6.250000e-06,,Si
unit_312,1.500000e-04,5.625000e-05,6.250000e-06,6.250000e-06,,Si
unit_313,1.562500e-04,5.625000e-05,6.250000e-06,6.250000e-06,,Si
unit_314,1.625000e-04,5.625000e-05,6.250000e-06,6.250000e-06,,Si
unit_315,1.687500e-04,5.625000e-05,6.250000e-06,6.250000e-06,,Si
unit_316,1.750000e-04,5.625000e-05,6.250000e-06,6.250000e-06,,Si
unit_317,1.812500e-04,5.625000e-05,6.250000e-06,6.250000e-06,,Si
unit_318,1.875000e-04,5.625000e-05,6.250000e-06,6.250000e-06,,Si
unit_319,1.937500e-04,5.625000e-05,6.250000e-06,6.250000e-06,,Si
unit_320,0.000000e+00,6.250000e-05,6.250000e-06,6.250000e-06,,Si
unit_321,6.250000e-06,6.250000e-05,6.250000e-06,6.250000e-06,,Si
unit_322,1.250000e-05,6.250000e-05,6.250000e-06,6.250000e-06,,Si
unit_323,1.875000e-05,6.250000e-05,6.250000e-06,6.250000e-06,,Si
unit_324,2.500000e-05,6.250000e-05,6.250000e-06,6.250000e-06,,Si
unit_325,3.125000e-05,6.250000e-05,6.250000e-06,6.250000e-06,,Si
unit_326,3.750000e-05,6.250000e-05,6.250000e-06,6.250000e-06,,Si
unit_327,4.375000e-05,6.250000e-05,6.250000e-06,6.250000e-06,,Si
unit_328,5.000000e-05,6.250000e-05,6.250000e-06,6.250000e-06,,Si
unit_329,5.625000e-05,6.250000e-05,6.250000e-06,6.250000e-06,,Si
unit_330,6.250000e-05,6.250000e-05,6.250000e-06,6.250000e-06,,Si
unit_331,6.875000e-05,6.250000e-05,6.250000e-06,6.250000e-06,,Si
unit_332,7.500000e-05,6.250000e-05,6.250000e-06,6.250000e-06,,Si
unit_333,8.125000e-05,6.250000e-05,6.250000e-06,6.250000e-06,,Si
unit_334,8.750000e-05,6.250000e-05,6.250000e-06,6.250000e-06,,Si
unit_335,9.375000e-05,6.250000e-05,6.250000e-06,6.250000e-06,,Si
unit_336,1.000000e-04,6.250000e-05,6.250000e-06,6.250000e-06,,Si
unit_337,1.062500e-04,6.250000e-05,6.250000e-06,6.250000e-06,,Si
unit_338,1.125000e-04,6.250000e-05,6.250000e-06,6.250000e-06,,Si
unit_339,1.187500e-04,6.250000e-05,6.250000e-06,6.250000e-06,,Si
unit_340,1.250000e-04,6.250000e-05,6.250000e-06,6.250000e-06,,Si
unit_341,1.312500e-04,6.250000e-05,6.250000e-06,6.250000e-06,,Si
unit_342,1.375000e-04,6.250000e-05,6.250000e-06,6.250000e-06,,Si
unit_343,1.437500e-04,6.250000e-05,6.250000e-06,6.250000e-06,,Si
unit_344,1.500000e-04,6.250000e-05,6.250000e-06,6.250000e-06,,Si
unit_345,1.562500e-04,6.250000e-05,6.250000e-06,6.250000e-06,,Si
unit_346,1.625000e-04,6.250000e-05,6.250000e-06,6.250000e-06,,Si
unit_347,1.687500e-04,6.250000e-05,6.250000e-06,6.250000e-06,,Si
unit_348,1.750000e-04,6.250000e-05,6.250000e-06,6.250000e-06,,Si
unit_349,1.812500e-04,6.250000e-05,6.250000e-06,6.250000e-06,,Si
unit_350,1.875000e-04,6.250000e-05,6.250000e-06,6.250000e-06,,Si
unit_351,1.937500e-04,6.250000e-05,6.250000e-06,6.250000e-06,,Si
unit_352,0.000000e+00,6.875000e-05,6.250000e-06,6.250000e-06,,Si
unit_353,6.250000e-06,6.875000e-05,6.250000e-06,6.250000e-06,,Si
unit_354,1.250000e-05,6.875000e-05,6.250000e-06,6.250000e-06,,Si
unit_355,1.875000e-05,6.875000e-05,6.250000e-06,6.250000e-06,,Si
unit_356,2.500000e-05,6.875000e-05,6.250000e-06,6.250000e-06,,Si
unit_357,3.125000e-05,6.875000e-05,6.250000e-06,6.250000e-06,,Si
unit_358,3.750000e-05,6.875000e-05,6.250000e-06,6.250000e-06,,Si
unit_359,4.375000e-05,6.875000e-05,6.250000e-06,6.250000e-06,,Si
unit_360,5.000000e-05,6.875000e-05,6.250000e-06,6.250000e-06,,Si
unit_361,5.625000e-05,6.875000e-05,6.250000e-06,6.250000e-06,,Si
unit_362,6.250000e-05,6.875000e-05,6.250000e-06,6.250000e-06,,Si
unit_363,6.875000e-05,6.875000e-05,6.250000e-06,6.250000e-06,,Si
unit_364,7.500000e-05,6.875000e-05,6.250000e-06,6.250000e-06,,Si
unit_365,8.125000e-05,6.875000e-05,6.250000e-06,6.250000e-06,,Si
unit_366,8.750000e-05,6.875000e-05,6.250000e-06,6.250000e-06,,Si
unit_367,9.375000e-05,6.875000e-05,6.250000e-06,6.250000e-06,,Si
unit_368,1.000000e-04,6.875000e-05,6.250000e-06,6.250000e-06,,Si
unit_369,1.062500e-04,6.875000e-05,6.250000e-06,6.250000e-06,,Si
unit_370,1.125000e-04,6.875000e-05,6.250000e-06,6.250000e-06,,Si
unit_371,1.187500e-04,6.875000e-05,6.250000e-06,6.250000e-06,,Si
unit_372,1.250000e-04,6.875000e-05,6.250000e-06,6.250000e-06,,Si
unit_373,1.312500e-04,6.875000e-05,6.250000e-06,6.250000e-06,,Si
unit_374,1.375000e-04,6.875000e-05,6.250000e-06,6.250000e-06,,Si
unit_375,1.437500e-04,6.875000e-05,6.250000e-06,6.250000e-06,,Si
unit_376,1.500000e-04,6.875000e-05,6.250000e-06,6.250000e-06,,Si
unit_377,1.562500e-04,6.875000e-05,6.250000e-06,6.250000e-06,,Si
unit_378,1.625000e-04,6.875000e-05,6.250000e-06,6.250000e-06,,Si
unit_379,1.687500e-04,6.875000e-05,6.250000e-06,6.250000e-06,,Si
unit_380,1.750000e-04,6.875000e-05,6.250000e-06,6.250000e-06,,Si
unit_381,1.812500e-04,6.875000e-05,6.250000e-06,6.250000e-06,,Si
unit_382,1.875000e-04,6.875000e-05,6.250000e-06,6.250000e-06,,Si
unit_383,1.937500e-04,6.875000e-05,6.250000e-06,6.250000e-06,,Si
unit_384,0.000000e+00,7.500000e-05,6.250000e-06,6.250000e-06,,Si
unit_385,6.250000e-06,7.500000e-05,6.250000e-06,6.250000e-06,,Si
unit_386,1.250000e-05,7.500000e-05,6.250000e-06,6.250000e-06,,Si
unit_387,1.875000e-05,7.500000e-05,6.250000e-06,6.250000e-06,,Si
unit_388,2.500000e-05,7.500000e-05,6.250000e-06,6.250000e-06,,Si
unit_389,3.125000e-05,7.500000e-05,6.250000e-06,6.250000e-06,,Si
unit_390,3.750000e-05,7.500000e-05,6.250000e-06,6.250000e-06,,Si
unit_391,4.375000e-05,7.500000e-05,6.250000e-06,6.250000e-06,,Si
unit_392,5.000000e-05,7.500000e-05,6.250000e-06,6.250000e-06,,Si
unit_393,5.625000e-05,7.500000e-05,6.250000e-06,6.250000e-06,,Si
unit_394,6.250000e-05,7.500000e-05,6.250000e-06,6.250000e-06,,Si
unit_395,6.875000e-05,7.500000e-05,6.250000e-06,6.250000e-06,,Si
unit_396,7.500000e-05,7.500000e-05,6.250000e-06,6.250000e-06,,Si
unit_397,8.125000e-05,7.500000e-05,6.250000e-06,6.250000e-06,,Si
unit_398,8.750000e-05,7.500000e-05,6.250000e-06,6.250000e-06,,Si
unit_399,9.375000e-05,7.500000e-05,6.250000e-06,6.250000e-06,,Si
unit_400,1.000000e-04,7.500000e-05,6.250000e-06,6.250000e-06,,Si
unit_401,1.062500e-04,7.500000e-05,6.250000e-06,6.250000e-06,,Si
unit_402,1.125000e-04,7.500000e-05,6.250000e-06,6.250000e-06,,Si
unit_403,1.187500e-04,7.500000e-05,6.250000e-06,6.250000e-06,,Si
unit_404,1.250000e-04,7.500000e-05,6.250000e-06,6.250000e-06,,Si
unit_405,1.312500e-04,7.500000e-05,6.250000e-06,6.250000e-06,,Si
unit_406,1.375000e-04,7.500000e-05,6.250000e-06,6.250000e-06,,Si
unit_407,1.437500e-04,7.500000e-05,6.250000e-06,6.250000e-06,,Si
unit_408,1.500000e-04,7.500000e-05,6.250000e-06,6.250000e-06,,Si
unit_409,1.562500e-04,7.500000e-05,6.250000e-06,6.250000e-06,,Si
unit_410,1.625000e-04,7.500000e-05,6.250000e-06,6.250000e-06,,Si
unit_411,1.687500e-04,7.500000e-05,6.250000e-06,6.250000e-06,,Si
unit_412,1.750000e-04,7.500000e-05,6.250000e-06,6.250000e-06,,Si
unit_413,1.812500e-04,7.500000e-05,6.250000e-06,6.250000e-06,,Si
unit_414,1.875000e-04,7.500000e-05,6.250000e-06,6.250000e-06,,Si
unit_415,1.937500e-04,7.500000e-05,6.250000e-06,6.250000e-06,,Si
unit_416,0.000000e+00,8.125000e-05,6.250000e-06,6.250000e-06,,Si
unit_417,6.250000e-06,8.125000e-05,6.250000e-06,6.250000e-06,,Si
unit_418,1.250000e-05,8.125000e-05,6.250000e-06,6.250000e-06,,Si
unit_419,1.875000e-05,8.125000e-05,6.250000e-06,6.250000e-06,,Si
unit_420,2.500000e-05,8.125000e-05,6.250000e-06,6.250000e-06,,Si
unit_421,3.125000e-05,8.125000e-05,6.250000e-06,6.250000e-06,,Si
unit_422,3.750000e-05,8.125000e-05,6.250000e-06,6.250000e-06,,Si
unit_423,4.375000e-05,8.125000e-05,6.250000e-06,6.250000e-06,,Si
unit_424,5.000000e-05,8.125000e-05,6.250000e-06,6.250000e-06,,Si
unit_425,5.625000e-05,8.125000e-05,6.250000e-06,6.250000e-06,,Si
unit_426,6.250000e-05,8.125000e-05,6.250000e-06,6.250000e-06,,Si
unit_427,6.875000e-05,8.125000e-05,6.250000e-06,6.250000e-06,,Si
unit_428,7.500000e-05,8.125000e-05,6.250000e-06,6.250000e-06,,Si
unit_429,8.125000e-05,8.125000e-05,6.250000e-06,6.250000e-06,,Si
unit_430,8.750000e-05,8.125000e-05,6.250000e-06,6.250000e-06,,Si
unit_431,9.375000e-05,8.125000e-05,6.250000e-06,6.250000e-06,,Si
unit_432,1.000000e-04,8.125000e-05,6.250000e-06,6.250000e-06,,Si
unit_433,1.062500e-04,8.125000e-05,6.250000e-06,6.250000e-06,,Si
unit_434,1.125000e-04,8.125000e-05,6.250000e-06,6.250000e-06,,Si
unit_435,1.187500e-04,8.125000e-05,6.250000e-06,6.250000e-06,,Si
unit_436,1.250000e-04,8.125000e-05,6.250000e-06,6.250000e-06,,Si
unit_437,1.312500e-04,8.125000e-05,6.250000e-06,6.250000e-06,,Si
unit_438,1.375000e-04,8.125000e-05,6.250000e-06,6.250000e-06,,Si
unit_439,1.437500e-04,8.125000e-05,6.250000e-06,6.250000e-06,,Si
unit_440,1.500000e-04,8.125000e-05,6.250000e-06,6.250000e-06,,Si
unit_441,1.562500e-04,8.125000e-05,6.250000e-06,6.250000e-06,,Si
unit_442,1.625000e-04,8.125000e-05,6.250000e-06,6.250000e-06,,Si
unit_443,1.687500e-04,8.125000e-05,6.250000e-06,6.250000e-06,,Si
unit_444,1.750000e-04,8.125000e-05,6.250000e-06,6.250000e-06,,Si
unit_445,1.812500e-04,8.125000e-05,6.250000e-06,6.250000e-06,,Si
unit_446,1.875000e-04,8.125000e-05,6.250000e-06,6.250000e-06,,Si
unit_447,1.937500e-04,8.125000e-05,6.250000e-06,6.250000e-06,,Si
unit_448,0.000000e+00,8.750000e-05,6.250000e-06,6.250000e-06,,Si
unit_449,6.250000e-06,8.750000e-05,6.250000e-06,6.250000e-06,,Si
unit_450,1.250000e-05,8.750000e-05,6.250000e-06,6.250000e-06,,Si
unit_451,1.875000e-05,8.750000e-05,6.250000e-06,6.250000e-06,,Si
unit_452,2.500000e-05,8.750000e-05,6.250000e-06,6.250000e-06,,Si
unit_453,3.125000e-05,8.750000e-05,6.250000e-06,6.250000e-06,,Si
unit_454,3.750000e-05,8.750000e-05,6.250000e-06,6.250000e-06,,Si
unit_455,4.375000e-05,8.750000e-05,6.250000e-06,6.250000e-06,,Si
unit_456,5.000000e-05,8.750000e-05,6.250000e-06,6.250000e-06,,Si
unit_457,5.625000e-05,8.750000e-05,6.250000e-06,6.250000e-06,,Si
unit_458,6.250000e-05,8.750000e-05,6.250000e-06,6.250000e-06,,Si
unit_459,6.875000e-05,8.750000e-05,6.250000e-06,6.250000e-06,,Si
unit_460,7.500000e-05,8.750000e-05,6.250000e-06,6.250000e-06,,Si
unit_461,8.125000e-05,8.750000e-05,6.250000e-06,6.250000e-06,,Si
unit_462,8.750000e-05,8.750000e-05,6.250000e-06,6.250000e-06,,Si
unit_463,9.375000e-05,8.750000e-05,6.250000e-06,6.250000e-06,,Si
unit_464,1.000000e-04,8.750000e-05,6.250000e-06,6.250000e-06,,Si
unit_465,1.062500e-04,8.750000e-05,6.250000e-06,6.250000e-06,,Si
unit_466,1.125000e-04,8.750000e-05,6.250000e-06,6.250000e-06,,Si
unit_467,1.187500e-04,8.750000e-05,6.250000e-06,6.250000e-06,,Si
unit_468,1.250000e-04,8.750000e-05,6.250000e-06,6.250000e-06,,Si
unit_469,1.312500e-04,8.750000e-05,6.250000e-06,6.250000e-06,,Si
unit_470,1.375000e-04,8.750000e-05,6.250000e-06,6.250000e-06,,Si
unit_471,1.437500e-04,8.750000e-05,6.250000e-06,6.250000e-06,,Si
unit_472,1.500000e-04,8.750000e-05,6.250000e-06,6.250000e-06,,Si
unit_473,1.562500e-04,8.750000e-05,6.250000e-06,6.250000e-06,,Si
unit_474,1.625000e-04,8.750000e-05,6.250000e-06,6.250000e-06,,Si
unit_475,1.687500e-04,8.750000e-05,6.250000e-06,6.250000e-06,,Si
unit_476,1.750000e-04,8.750000e-05,6.250000e-06,6.250000e-06,,Si
unit_477,1.812500e-04,8.750000e-05,6.250000e-06,6.250000e-06,,Si
unit_478,1.875000e-04,8.750000e-05,6.250000e-06,6.250000e-06,,Si
unit_479,1.937500e-04,8.750000e-05,6.250000e-06,6.250000e-06,,Si
unit_480,0.000000e+00,9.375000e-05,6.250000e-06,6.250000e-06,,Si
unit_481,6.250000e-06,9.375000e-05,6.250000e-06,6.250000e-06,,Si
unit_482,1.250000e-05,9.375000e-05,6.250000e-06,6.250000e-06,,Si
unit_483,1.875000e-05,9.375000e-05,6.250000e-06,6.250000e-06,,Si
unit_484,2.500000e-05,9.375000e-05,6.250000e-06,6.250000e-06,,Si
unit_485,3.125000e-05,9.375000e-05,6.250000e-06,6.250000e-06,,Si
unit_486,3.750000e-05,9.375000e-05,6.250000e-06,6.250000e-06,,Si
unit_487,4.375000e-05,9.375000e-05,6.250000e-06,6.250000e-06,,Si
unit_488,5.000000e-05,9.375000e-05,6.250000e-06,6.250000e-06,,Si
unit_489,5.625000e-05,9.375000e-05,6.250000e-06,6.250000e-06,,Si
unit_490,6.250000e-05,9.375000e-05,6.250000e-06,6.250000e-06,,Si
unit_491,6.875000e-05,9.375000e-05,6.250000e-06,6.250000e-06,,Si
unit_492,7.500000e-05,9.375000e-05,6.250000e-06,6.250000e-06,,Si
unit_493,8.125000e-05,9.375000e-05,6.250000e-06,6.250000e-06,,Si
unit_494,8.750000e-05,9.375000e-05,6.250000e-06,6.250000e-06,,Si
unit_495,9.375000e-05,9.375000e-05,6.250000e-06,6.250000e-06,,Si
unit_496,1.000000e-04,9.375000e-05,6.250000e-06,6.250000e-06,,Si
unit_497,1.062500e-04,9.375000e-05,6.250000e-06,6.250000e-06,,Si
unit_498,1.125000e-04,9.375000e-05,6.250000e-06,6.250000e-06,,Si
unit_499,1.187500e-04,9.375000e-05,6.250000e-06,6.250000e-06,,Si
unit_500,1.250000e-04,9.375000e-05,6.250000e-06,6.250000e-06,,Si
unit_501,1.312500e-04,9.375000e-05,6.250000e-06,6.250000e-06,,Si
unit_502,1.375000e-04,9.375000e-05,6.250000e-06,6.250000e-06,,Si
unit_503,1.437500e-04,9.375000e-05,6.250000e-06,6.250000e-06,,Si
unit_504,1.500000e-04,9.375000e-05,6.250000e-06,6.250000e-06,,Si
unit_505,1.562500e-04,9.375000e-05,6.250000e-06,6.250000e-06,,Si
unit_506,1.625000e-04,9.375000e-05,6.250000e-06,6.250000e-06,,Si
unit_507,1.687500e-04,9.375000e-05,6.250000e-06,6.250000e-06,,Si
unit_508,1.750000e-04,9.375000e-05,6.250000e-06,6.250000e-06,,Si
unit_509,1.812500e-04,9.375000e-05,6.250000e-06,6.250000e-06,,Si
unit_510,1.875000e-04,9.375000e-05,6.250000e-06,6.250000e-06,,Si
unit_511,1.937500e-04,9.375000e-05,6.250000e-06,6.250000e-06,,Si
unit_512,0.000000e+00,1.000000e-04,6.250000e-06,6.250000e-06,,Si
unit_513,6.250000e-06,1.000000e-04,6.250000e-06,6.250000e-06,,Si
unit_514,1.250000e-05,1.000000e-04,6.250000e-06,6.250000e-06,,Si
unit_515,1.875000e-05,1.000000e-04,6.250000e-06,6.250000e-06,,Si
unit_516,2.500000e-05,1.000000e-04,6.250000e-06,6.250000e-06,,Si
unit_517,3.125000e-05,1.000000e-04,6.250000e-06,6.250000e-06,,Si
unit_518,3.750000e-05,1.000000e-04,6.250000e-06,6.250000e-06,,Si
unit_519,4.375000e-05,1.000000e-04,6.250000e-06,6.250000e-06,,Si
unit_520,5.000000e-05,1.000000e-04,6.250000e-06,6.250000e-06,,Si
unit_521,5.625000e-05,1.000000e-04,6.250000e-06,6.250000e-06,,Si
unit_522,6.250000e-05,1.000000e-04,6.250000e-06,6.250000e-06,,Si
unit_523,6.875000e-05,1.000000e-04,6.250000e-06,6.250000e-06,,Si
unit_524,7.500000e-05,1.000000e-04,6.250000e-06,6.250000e-06,,Si
unit_525,8.125000e-05,1.000000e-04,6.250000e-06,6.250000e-06,,Si
unit_526,8.750000e-05,1.000000e-04,6.250000e-06,6.250000e-06,,Si
unit_527,9.375000e-05,1.000000e-04,6.250000e-06,6.250000e-06,,Si
unit_528,1.000000e-04,1.000000e-04,6.250000e-06,6.250000e-06,,Si
unit_529,1.062500e-04,1.000000e-04,6.250000e-06,6.250000e-06,,Si
unit_530,1.125000e-04,1.000000e-04,6.250000e-06,6.250000e-06,,Si
unit_531,1.187500e-04,1.000000e-04,6.250000e-06,6.250000e-06,,Si
unit_532,1.250000e-04,1.000000e-04,6.250000e-06,6.250000e-06,,Si
unit_533,1.312500e-04,1.000000e-04,6.250000e-06,6.250000e-06,,Si
unit_534,1.375000e-04,1.000000e-04,6.250000e-06,6.250000e-06,,Si
unit_535,1.437500e-04,1.000000e-04,6.250000e-06,6.250000e-06,,Si
unit_536,1.500000e-04,1.000000e-04,6.250000e-06,6.250000e-06,,Si
unit_537,1.562500e-04,1.000000e-04,6.250000e-06,6.250000e-06,,Si
unit_538,1.625000e-04,1.000000e-04,6.250000e-06,6.250000e-06,,Si
unit_539,1.687500e-04,1.000000e-04,6.250000e-06,6.250000e-06,,Si
unit_540,1.750000e-04,1.000000e-04,6.250000e-06,6.250000e-06,,Si
unit_541,1.812500e-04,1.000000e-04,6.250000e-06,6.250000e-06,,Si
unit_542,1.875000e-04,1.000000e-04,6.250000e-06,6.250000e-06,,Si
unit_543,1.937500e-04,1.000000e-04,6.250000e-06,6.250000e-06,,Si
unit_544,0.000000e+00,1.062500e-04,6.250000e-06,6.250000e-06,,Si
unit_545,6.250000e-06,1.062500e-04,6.250000e-06,6.250000e-06,,Si
unit_546,1.250000e-05,1.062500e-04,6.250000e-06,6.250000e-06,,Si
unit_547,1.875000e-05,1.062500e-04,6.250000e-06,6.250000e-06,,Si
unit_548,2.500000e-05,1.062500e-04,6.250000e-06,6.250000e-06,,Si
unit_549,3.125000e-05,1.062500e-04,6.250000e-06,6.250000e-06,,Si
unit_550,3.750000e-05,1.062500e-04,6.250000e-06,6.250000e-06,,Si
unit_551,4.375000e-05,1.062500e-04,6.250000e-06,6.250000e-06,,Si
unit_552,5.000000e-05,1.062500e-04,6.250000e-06,6.250000e-06,,Si
unit_553,5.625000e-05,1.062500e-04,6.250000e-06,6.250000e-06,,Si
unit_554,6.250000e-05,1.062500e-04,6.250000e-06,6.250000e-06,,Si
unit_555,6.875000e-05,1.062500e-04,6.250000e-06,6.250000e-06,,Si
unit_556,7.500000e-05,1.062500e-04,6.250000e-06,6.250000e-06,,Si
unit_557,8.125000e-05,1.062500e-04,6.250000e-06,6.250000e-06,,Si
unit_558,8.750000e-05,1.062500e-04,6.250000e-06,6.250000e-06,,Si
unit_559,9.375000e-05,1.062500e-04,6.250000e-06,6.250000e-06,,Si
unit_560,1.000000e-04,1.062500e-04,6.250000e-06,6.250000e-06,,Si
unit_561,1.062500e-04,1.062500e-04,6.250000e-06,6.250000e-06,,Si
unit_562,1.125000e-04,1.062500e-04,6.250000e-06,6.250000e-06,,Si
unit_563,1.187500e-04,1.062500e-04,6.250000e-06,6.250000e-06,,Si
unit_564,1.250000e-04,1.062500e-04,6.250000e-06,6.250000e-06,,Si
unit_565,1.312500e-04,1.062500e-04,6.250000e-06,6.250000e-06,,Si
unit_566,1.375000e-04,1.062500e-04,6.250000e-06,6.250000e-06,,Si
unit_567,1.437500e-04,1.062500e-04,6.250000e-06,6.250000e-06,,Si
unit_568,1.500000e-04,1.062500e-04,6.250000e-06,6.250000e-06,,Si
unit_569,1.562500e-04,1.062500e-04,6.250000e-06,6.250000e-06,,Si
unit_570,1.625000e-04,1.062500e-04,6.250000e-06,6.250000e-06,,Si
unit_571,1.687500e-04,1.062500e-04,6.250000e-06,6.250000e-06,,Si
unit_572,1.750000e-04,1.062500e-04,6.250000e-06,6.250000e-06,,Si
unit_573,1.812500e-04,1.062500e-04,6.250000e-06,6.250000e-06,,Si
unit_574,1.875000e-04,1.062500e-04,6.250000e-06,6.250000e-06,,Si
unit_575,1.937500e-04,1.062500e-04,6.250000e-06,6.250000e-06,,Si
unit_576,0.000000e+00,1.125000e-04,6.250000e-06,6.250000e-06,,Si
unit_577,6.250000e-06,1.125000e-04,6.250000e-06,6.250000e-06,,Si
unit_578,1.250000e-05,1.125000e-04,6.250000e-06,6.250000e-06,,Si
unit_579,1.875000e-05,1.125000e-04,6.250000e-06,6.250000e-06,,Si
unit_580,2.500000e-05,1.125000e-04,6.250000e-06,6.250000e-06,,Si
unit_581,3.125000e-05,1.125000e-04,6.250000e-06,6.250000e-06,,Si
unit_582,3.750000e-05,1.125000e-04,6.250000e-06,6.250000e-06,,Si
unit_583,4.375000e-05,1.125000e-04,6.250000e-06,6.250000e-06,,Si
unit_584,5.000000e-05,1.125000e-04,6.250000e-06,6.250000e-06,,Si
unit_585,5.625000e-05,1.125000e-04,6.250000e-06,6.250000e-06,,Si
unit_586,6.250000e-05,1.125000e-04,6.250000e-06,6.250000e-06,,Si
unit_587,6.875000e-05,1.125000e-04,6.250000e-06,6.250000e-06,,Si
unit_588,7.500000e-05,1.125000e-04,6.250000e-06,6.250000e-06,,Si
unit_589,8.125000e-05,1.125000e-04,6.250000e-06,6.250000e-06,,Si
unit_590,8.750000e-05,1.125000e-04,6.250000e-06,6.250000e-06,,Si
unit_591,9.375000e-05,1.125000e-04,6.250000e-06,6.250000e-06,,Si
unit_592,1.000000e-04,1.125000e-04,6.250000e-06,6.250000e-06,,Si
unit_593,1.062500e-04,1.125000e-04,6.250000e-06,6.250000e-06,,Si
unit_594,1.125000e-04,1.125000e-04,6.250000e-06,6.250000e-06,,Si
unit_595,1.187500e-04,1.125000e-04,6.250000e-06,6.250000e-06,,Si
unit_596,1.250000e-04,1.125000e-04,6.250000e-06,6.250000e-06,,Si
unit_597,1.312500e-04,1.125000e-04,6.250000e-06,6.250000e-06,,Si
unit_598,1.375000e-04,1.125000e-04,6.250000e-06,6.250000e-06,,Si
unit_599,1.437500e-04,1.125000e-04,6.250000e-06,6.250000e-06,,Si
unit_600,1.500000e-04,1.125000e-04,6.250000e-06,6.250000e-06,,Si
unit_601,1.562500e-04,1.125000e-04,6.250000e-06,6.250000e-06,,Si
unit_602,1.625000e-04,1.125000e-04,6.250000e-06,6.250000e-06,,Si
unit_603,1.687500e-04,1.125000e-04,6.250000e-06,6.250000e-06,,Si
unit_604,1.750000e-04,1.125000e-04,6.250000e-06,6.250000e-06,,Si
unit_605,1.812500e-04,1.125000e-04,6.250000e-06,6.250000e-06,,Si
unit_606,1.875000e-04,1.125000e-04,6.250000e-06,6.250000e-06,,Si
unit_607,1.937500e-04,1.125000e-04,6.250000e-06,6.250000e-06,,Si
unit_608,0.000000e+00,1.187500e-04,6.250000e-06,6.250000e-06,,Si
unit_609,6.250000e-06,1.187500e-04,6.250000e-06,6.250000e-06,,Si
unit_610,1.250000e-05,1.187500e-04,6.250000e-06,6.250000e-06,,Si
unit_611,1.875000e-05,1.187500e-04,6.250000e-06,6.250000e-06,,Si
unit_612,2.500000e-05,1.187500e-04,6.250000e-06,6.250000e-06,,Si
unit_613,3.125000e-05,1.187500e-04,6.250000e-06,6.250000e-06,,Si
unit_614,3.750000e-05,1.187500e-04,6.250000e-06,6.250000e-06,,Si
unit_615,4.375000e-05,1.187500e-04,6.250000e-06,6.250000e-06,,Si
unit_616,5.000000e-05,1.187500e-04,6.250000e-06,6.250000e-06,,Si
unit_617,5.625000e-05,1.187500e-04,6.250000e-06,6.250000e-06,,Si
unit_618,6.250000e-05,1.187500e-04,6.250000e-06,6.250000e-06,,Si
unit_619,6.875000e-05,1.187500e-04,6.250000e-06,6.250000e-06,,Si
unit_620,7.500000e-05,1.187500e-04,6.250000e-06,6.250000e-06,,Si
unit_621,8.125000e-05,1.187500e-04,6.250000e-06,6.250000e-06,,Si
unit_622,8.750000e-05,1.187500e-04,6.250000e-06,6.250000e-06,,Si
unit_623,9.375000e-05,1.187500e-04,6.250000e-06,6.250000e-06,,Si
unit_624,1.000000e-04,1.187500e-04,6.250000e-06,6.250000e-06,,Si
unit_625,1.062500e-04,1.187500e-04,6.250000e-06,6.250000e-06,,Si
unit_626,1.125000e-04,1.187500e-04,6.250000e-06,6.250000e-06,,Si
unit_627,1.187500e-04,1.187500e-04,6.250000e-06,6.250000e-06,,Si
unit_628,1.250000e-04,1.187500e-04,6.250000e-06,6.250000e-06,,Si
unit_629,1.312500e-04,1.187500e-04,6.250000e-06,6.250000e-06,,Si
unit_630,1.375000e-04,1.187500e-04,6.250000e-06,6.250000e-06,,Si
unit_631,1.437500e-04,1.187500e-04,6.250000e-06,6.250000e-06,,Si
unit_632,1.500000e-04,1.187500e-04,6.250000e-06,6.250000e-06,,Si
unit_633,1.562500e-04,1.187500e-04,6.250000e-06,6.250000e-06,,Si
unit_634,1.625000e-04,1.187500e-04,6.250000e-06,6.250000e-06,,Si
unit_635,1.687500e-04,1.187500e-04,6.250000e-06,6.250000e-06,,Si
unit_636,1.750000e-04,1.187500e-04,6.250000e-06,6.250000e-06,,Si
unit_637,1.812500e-04,1.187500e-04,6.250000e-06,6.250000e-06,,Si
unit_638,1.875000e-04,1.187500e-04,6.250000e-06,6.250000e-06,,Si
unit_639,1.937500e-04,1.187500e-04,6.250000e-06,6.250000e-06,,Si
unit_640,0.000000e+00,1.250000e-04,6.250000e-06,6.250000e-06,,Si
unit_641,6.250000e-06,1.250000e-04,6.250000e-06,6.250000e-06,,Si
unit_642,1.250000e-05,1.250000e-04,6.250000e-06,6.250000e-06,,Si
unit_643,1.875000e-05,1.250000e-04,6.250000e-06,6.250000e-06,,Si
unit_644,2.500000e-05,1.250000e-04,6.250000e-06,6.250000e-06,,Si
unit_645,3.125000e-05,1.250000e-04,6.250000e-06,6.250000e-06,,Si
unit_646,3.750000e-05,1.250000e-04,6.250000e-06,6.250000e-06,,Si
unit_647,4.375000e-05,1.250000e-04,6.250000e-06,6.250000e-06,,Si
unit_648,5.000000e-05,1.250000e-04,6.250000e-06,6.250000e-06,,Si
unit_649,5.625000e-05,1.250000e-04,6.250000e-06,6.250000e-06,,Si
unit_650,6.250000e-05,1.250000e-04,6.250000e-06,6.250000e-06,,Si
unit_651,6.875000e-05,1.250000e-04,6.250000e-06,6.250000e-06,,Si
unit_652,7.500000e-05,1.250000e-04,6.250000e-06,6.250000e-06,,Si
unit_653,8.125000e-05,1.250000e-04,6.250000e-06,6.250000e-06,,Si
unit_654,8.750000e-05,1.250000e-04,6.250000e-06,6.250000e-06,,Si
unit_655,9.375000e-05,1.250000e-04,6.250000e-06,6.250000e-06,,Si
unit_656,1.000000e-04,1.250000e-04,6.250000e-06,6.250000e-06,,Si
unit_657,1.062500e-04,1.250000e-04,6.250000e-06,6.250000e-06,,Si
unit_658,1.125000e-04,1.250000e-04,6.250000e-06,6.250000e-06,,Si
unit_659,1.187500e-04,1.250000e-04,6.250000e-06,6.250000e-06,,Si
unit_660,1.250000e-04,1.250000e-04,6.250000e-06,6.250000e-06,,Si
unit_661,1.312500e-04,1.250000e-04,6.250000e-06,6.250000e-06,,Si
unit_662,1.375000e-04,1.250000e-04,6.250000e-06,6.250000e-06,,Si
unit_663,1.437500e-04,1.250000e-04,6.250000e-06,6.250000e-06,,Si
unit_664,1.500000e-04,1.250000e-04,6.250000e-06,6.250000e-06,,Si
unit_665,1.562500e-04,1.250000e-04,6.250000e-06,6.250000e-06,,Si
unit_666,1.625000e-04,1.250000e-04,6.250000e-06,6.250000e-06,,Si
unit_667,1.687500e-04,1.250000e-04,6.250000e-06,6.250000e-06,,Si
unit_668,1.750000e-04,1.250000e-04,6.250000e-06,6.250000e-06,,Si
unit_669,1.812500e-04,1.250000e-04,6.250000e-06,6.250000e-06,,Si
unit_670,1.875000e-04,1.250000e-04,6.250000e-06,6.250000e-06,,Si
unit_671,1.937500e-04,1.250000e-04,6.250000e-06,6.250000e-06,,Si
unit_672,0.000000e+00,1.312500e-04,6.250000e-06,6.250000e-06,,Si
unit_673,6.250000e-06,1.312500e-04,6.250000e-06,6.250000e-06,,Si
unit_674,1.250000e-05,1.312500e-04,6.250000e-06,6.250000e-06,,Si
unit_675,1.875000e-05,1.312500e-04,6.250000e-06,6.250000e-06,,Si
unit_676,2.500000e-05,1.312500e-04,6.250000e-06,6.250000e-06,,Si
unit_677,3.125000e-05,1.312500e-04,6.250000e-06,6.250000e-06,,Si
unit_678,3.750000e-05,1.312500e-04,6.250000e-06,6.250000e-06,,Si
unit_679,4.375000e-05,1.312500e-04,6.250000e-06,6.250000e-06,,Si
unit_680,5.000000e-05,1.312500e-04,6.250000e-06,6.250000e-06,,Si
unit_681,5.625000e-05,1.312500e-04,6.250000e-06,6.250000e-06,,Si
unit_682,6.250000e-05,1.312500e-04,6.250000e-06,6.250000e-06,,Si
unit_683,6.875000e-05,1.312500e-04,6.250000e-06,6.250000e-06,,Si
unit_684,7.500000e-05,1.312500e-04,6.250000e-06,6.250000e-06,,Si
unit_685,8.125000e-05,1.312500e-04,6.250000e-06,6.250000e-06,,Si
unit_686,8.750000e-05,1.312500e-04,6.250000e-06,6.250000e-06,,Si
unit_687,9.375000e-05,1.312500e-04,6.250000e-06,6.250000e-06,,Si
unit_688,1.000000e-04,1.312500e-04,6.250000e-06,6.250000e-06,,Si
unit_689,1.062500e-04,1.312500e-04,6.250000e-06,6.250000e-06,,Si
unit_690,1.125000e-04,1.312500e-04,6.250000e-06,6.250000e-06,,Si
unit_691,1.187500e-04,1.312500e-04,6.250000e-06,6.250000e-06,,Si
unit_692,1.250000e-04,1.312500e-04,6.250000e-06,6.250000e-06,,Si
unit_693,1.312500e-04,1.312500e-04,6.250000e-06,6.250000e-06,,Si
unit_694,1.375000e-04,1.312500e-04,6.250000e-06,6.250000e-06,,Si
unit_695,1.437500e-04,1.312500e-04,6.250000e-06,6.250000e-06,,Si
unit_696,1.500000e-04,1.312500e-04,6.250000e-06,6.250000e-06,,Si
unit_697,1.562500e-04,1.312500e-04,6.250000e-06,6.250000e-06,,Si
unit_698,1.625000e-04,1.312500e-04,6.250000e-06,6.250000e-06,,Si
unit_699,1.687500e-04,1.312500e-04,6.250000e-06,6.250000e-06,,Si
unit_700,1.750000e-04,1.312500e-04,6.250000e-06,6.250000e-06,,Si
unit_701,1.812500e-04,1.312500e-04,6.250000e-06,6.250000e-06,,Si
unit_702,1.875000e-04,1.312500e-04,6.250000e-06,6.250000e-06,,Si
unit_703,1.937500e-04,1.312500e-04,6.250000e-06,6.250000e-06,,Si
unit_704,0.000000e+00,1.375000e-04,6.250000e-06,6.250000e-06,,Si
unit_705,6.250000e-06,1.375000e-04,6.250000e-06,6.250000e-06,,Si
unit_706,1.250000e-05,1.375000e-04,6.250000e-06,6.250000e-06,,Si
unit_707,1.875000e-05,1.375000e-04,6.250000e-06,6.250000e-06,,Si
unit_708,2.500000e-05,1.375000e-04,6.250000e-06,6.250000e-06,,Si
unit_709,3.125000e-05,1.375000e-04,6.250000e-06,6.250000e-06,,Si
unit_710,3.750000e-05,1.375000e-04,6.250000e-06,6.250000e-06,,Si
unit_711,4.375000e-05,1.375000e-04,6.250000e-06,6.250000e-06,,Si
unit_712,5.000000e-05,1.375000e-04,6.250000e-06,6.250000e-06,,Si
unit_713,5.625000e-05,1.375000e-04,6.250000e-06,6.250000e-06,,Si
unit_714,6.250000e-05,1.375000e-04,6.250000e-06,6.250000e-06,,Si
unit_715,6.875000e-05,1.375000e-04,6.250000e-06,6.250000e-06,,Si
unit_716,7.500000e-05,1.375000e-04,6.250000e-06,6.250000e-06,,Si
unit_717,8.125000e-05,1.375000e-04,6.250000e-06,6.250000e-06,,Si
unit_718,8.750000e-05,1.375000e-04,6.250000e-06,6.250000e-06,,Si
unit_719,9.375000e-05,1.375000e-04,6.250000e-06,6.250000e-06,,Si
unit_720,1.000000e-04,1.375000e-04,6.250000e-06,6.250000e-06,,Si
unit_721,1.062500e-04,1.375000e-04,6.250000e-06,6.250000e-06,,Si
unit_722,1.125000e-04,1.375000e-04,6.250000e-06,6.250000e-06,,Si
unit_723,1.187500e-04,1.375000e-04,6.250000e-06,6.250000e-06,,Si
unit_724,1.250000e-04,1.375000e-04,6.250000e-06,6.250000e-06,,Si
unit_725,1.312500e-04,1.375000e-04,6.250000e-06,6.250000e-06,,Si
unit_726,1.375000e-04,1.375000e-04,6.250000e-06,6.250000e-06,,Si
unit_727,1.437500e-04,1.375000e-04,6.250000e-06,6.250000e-06,,Si
unit_728,1.500000e-04,1.375000e-04,6.250000e-06,6.250000e-06,,Si
unit_729,1.562500e-04,1.375000e-04,6.250000e-06,6.250000e-06,,Si
unit_730,1.625000e-04,1.375000e-04,6.250000e-06,6.250000e-06,,Si
unit_731,1.687500e-04,1.375000e-04,6.250000e-06,6.250000e-06,,Si
unit_732,1.750000e-04,1.375000e-04,6.250000e-06,6.250000e-06,,Si
unit_733,1.812500e-04,1.375000e-04,6.250000e-06,6.250000e-06,,Si
unit_734,1.875000e-04,1.375000e-04,6.250000e-06,6.250000e-06,,Si
unit_735,1.937500e-04,1.375000e-04,6.250000e-06,6.250000e-06,,Si
unit_736,0.000000e+00,1.437500e-04,6.250000e-06,6.250000e-06,,Si
unit_737,6.250000e-06,1.437500e-04,6.250000e-06,6.250000e-06,,Si
unit_738,1.250000e-05,1.437500e-04,6.250000e-06,6.250000e-06,,Si
unit_739,1.875000e-05,1.437500e-04,6.250000e-06,6.250000e-06,,Si
unit_740,2.500000e-05,1.437500e-04,6.250000e-06,6.250000e-06,,Si
unit_741,3.125000e-05,1.437500e-04,6.250000e-06,6.250000e-06,,Si
unit_742,3.750000e-05,1.437500e-04,6.250000e-06,6.250000e-06,,Si
unit_743,4.375000e-05,1.437500e-04,6.250000e-06,6.250000e-06,,Si
unit_744,5.000000e-05,1.437500e-04,6.250000e-06,6.250000e-06,,Si
unit_745,5.625000e-05,1.437500e-04,6.250000e-06,6.250000e-06,,Si
unit_746,6.250000e-05,1.437500e-04,6.250000e-06,6.250000e-06,,Si
unit_747,6.875000e-05,1.437500e-04,6.250000e-06,6.250000e-06,,Si
unit_748,7.500000e-05,1.437500e-04,6.250000e-06,6.250000e-06,,Si
unit_749,8.125000e-05,1.437500e-04,6.250000e-06,6.250000e-06,,Si
unit_750,8.750000e-05,1.437500e-04,6.250000e-06,6.250000e-06,,Si
unit_751,9.375000e-05,1.437500e-04,6.250000e-06,6.250000e-06,,Si
unit_752,1.000000e-04,1.437500e-04,6.250000e-06,6.250000e-06,,Si
unit_753,1.062500e-04,1.437500e-04,6.250000e-06,6.250000e-06,,Si
unit_754,1.125000e-04,1.437500e-04,6.250000e-06,6.250000e-06,,Si
unit_755,1.187500e-04,1.437500e-04,6.250000e-06,6.250000e-06,,Si
unit_756,1.250000e-04,1.437500e-04,6.250000e-06,6.250000e-06,,Si
unit_757,1.312500e-04,1.437500e-04,6.250000e-06,6.250000e-06,,Si
unit_758,1.375000e-04,1.437500e-04,6.250000e-06,6.250000e-06,,Si
unit_759,1.437500e-04,1.437500e-04,6.250000e-06,6.250000e-06,,Si
unit_760,1.500000e-04,1.437500e-04,6.250000e-06,6.250000e-06,,Si
unit_761,1.562500e-04,1.437500e-04,6.250000e-06,6.250000e-06,,Si
unit_762,1.625000e-04,1.437500e-04,6.250000e-06,6.250000e-06,,Si
unit_763,1.687500e-04,1.437500e-04,6.250000e-06,6.250000e-06,,Si
unit_764,1.750000e-04,1.437500e-04,6.250000e-06,6.250000e-06,,Si
unit_765,1.812500e-04,1.437500e-04,6.250000e-06,6.250000e-06,,Si
unit_766,1.875000e-04,1.437500e-04,6.250000e-06,6.250000e-06,,Si
unit_767,1.937500e-04,1.437500e-04,6.250000e-06,6.250000e-06,,Si
unit_768,0.000000e+00,1.500000e-04,6.250000e-06,6.250000e-06,,Si
unit_769,6.250000e-06,1.500000e-04,6.250000e-06,6.250000e-06,,Si
unit_770,1.250000e-05,1.500000e-04,6.250000e-06,6.250000e-06,,Si
unit_771,1.875000e-05,1.500000e-04,6.250000e-06,6.250000e-06,,Si
unit_772,2.500000e-05,1.500000e-04,6.250000e-06,6.250000e-06,,Si
unit_773,3.125000e-05,1.500000e-04,6.250000e-06,6.250000e-06,,Si
unit_774,3.750000e-05,1.500000e-04,6.250000e-06,6.250000e-06,,Si
unit_775,4.375000e-05,1.500000e-04,6.250000e-06,6.250000e-06,,Si
unit_776,5.000000e-05,1.500000e-04,6.250000e-06,6.250000e-06,,Si
unit_777,5.625000e-05,1.500000e-04,6.250000e-06,6.250000e-06,,Si
unit_778,6.250000e-05,1.500000e-04,6.250000e-06,6.250000e-06,,Si
unit_779,6.875000e-05,1.500000e-04,6.250000e-06,6.250000e-06,,Si
unit_780,7.500000e-05,1.500000e-04,6.250000e-06,6.250000e-06,,Si
unit_781,8.125000e-05,1.500000e-04,6.250000e-06,6.250000e-06,,Si
unit_782,8.750000e-05,1.500000e-04,6.250000e-06,6.250000e-06,,Si
unit_783,9.375000e-05,1.500000e-04,6.250000e-06,6.250000e-06,,Si
unit_784,1.000000e-04,1.500000e-04,6.250000e-06,6.250000e-06,,Si
unit_785,1.062500e-04,1.500000e-04,6.250000e-06,6.250000e-06,,Si
unit_786,1.125000e-04,1.500000e-04,6.250000e-06,6.250000e-06,,Si
unit_787,1.187500e-04,1.500000e-04,6.250000e-06,6.250000e-06,,Si
unit_788,1.250000e-04,1.500000e-04,6.250000e-06,6.250000e-06,,Si
unit_789,1.312500e-04,1.500000e-04,6.250000e-06,6.250000e-06,,Si
unit_790,1.375000e-04,1.500000e-04,6.250000e-06,6.250000e-06,,Si
unit_791,1.437500e-04,1.500000e-04,6.250000e-06,6.250000e-06,,Si
unit_792,1.500000e-04,1.500000e-04,6.250000e-06,6.250000e-06,,Si
unit_793,1.562500e-04,1.500000e-04,6.250000e-06,6.250000e-06,,Si
unit_794,1.625000e-04,1.500000e-04,6.250000e-06,6.250000e-06,,Si
unit_795,1.687500e-04,1.500000e-04,6.250000e-06,6.250000e-06,,Si
unit_796,1.750000e-04,1.500000e-04,6.250000e-06,6.250000e-06,,Si
unit_797,1.812500e-04,1.500000e-04,6.250000e-06,6.250000e-06,,Si
unit_798,1.875000e-04,1.500000e-04,6.250000e-06,6.250000e-06,,Si
unit_799,1.937500e-04,1.500000e-04,6.250000e-06,6.250000e-06,,Si
unit_800,0.000000e+00,1.562500e-04,6.250000e-06,6.250000e-06,,Si
unit_801,6.250000e-06,1.562500e-04,6.250000e-06,6.250000e-06,,Si
unit_802,1.250000e-05,1.562500e-04,6.250000e-06,6.250000e-06,,Si
unit_803,1.875000e-05,1.562500e-04,6.250000e-06,6.250000e-06,,Si
unit_804,2.500000e-05,1.562500e-04,6.250000e-06,6.250000e-06,,Si
unit_805,3.125000e-05,1.562500e-04,6.250000e-06,6.250000e-06,,Si
unit_806,3.750000e-05,1.562500e-04,6.250000e-06,6.250000e-06,,Si
unit_807,4.375000e-05,1.562500e-04,6.250000e-06,6.250000e-06,,Si
unit_808,5.000000e-05,1.562500e-04,6.250000e-06,6.250000e-06,,Si
unit_809,5.625000e-05,1.562500e-04,6.250000e-06,6.250000e-06,,Si
unit_810,6.250000e-05,1.562500e-04,6.250000e-06,6.250000e-06,,Si
unit_811,6.875000e-05,1.562500e-04,6.250000e-06,6.250000e-06,,Si
unit_812,7.500000e-05,1.562500e-04,6.250000e-06,6.250000e-06,,Si
unit_813,8.125000e-05,1.562500e-04,6.250000e-06,6.250000e-06,,Si
unit_814,8.750000e-05,1.562500e-04,6.250000e-06,6.250000e-06,,Si
unit_815,9.375000e-05,1.562500e-04,6.250000e-06,6.250000e-06,,Si
unit_816,1.000000e-04,1.562500e-04,6.250000e-06,6.250000e-06,,Si
unit_817,1.062500e-04,1.562500e-04,6.250000e-06,6.250000e-06,,Si
unit_818,1.125000e-04,1.562500e-04,6.250000e-06,6.250000e-06,,Si
unit_819,1.187500e-04,1.562500e-04,6.250000e-06,6.250000e-06,,Si
unit_820,1.250000e-04,1.562500e-04,6.250000e-06,6.250000e-06,,Si
unit_821,1.312500e-04,1.562500e-04,6.250000e-06,6.250000e-06,,Si
unit_822,1.375000e-04,1.562500e-04,6.250000e-06,6.250000e-06,,Si
unit_823,1.437500e-04,1.562500e-04,6.250000e-06,6.250000e-06,,Si
unit_824,1.500000e-04,1.562500e-04,6.250000e-06,6.250000e-06,,Si
unit_825,1.562500e-04,1.562500e-04,6.250000e-06,6.250000e-06,,Si
unit_826,1.625000e-04,1.562500e-04,6.250000e-06,6.250000e-06,,Si
unit_827,1.687500e-04,1.562500e-04,6.250000e-06,6.250000e-06,,Si
unit_828,1.750000e-04,1.562500e-04,6.250000e-06,6.250000e-06,,Si
unit_829,1.812500e-04,1.562500e-04,6.250000e-06,6.250000e-06,,Si
unit_830,1.875000e-04,1.562500e-04,6.250000e-06,6.250000e-06,,Si
unit_831,1.937500e-04,1.562500e-04,6.250000e-06,6.250000e-06,,Si
unit_832,0.000000e+00,1.625000e-04,6.250000e-06,6.250000e-06,,Si
unit_833,6.250000e-06,1.625000e-04,6.250000e-06,6.250000e-06,,Si
unit_834,1.250000e-05,1.625000e-04,6.250000e-06,6.250000e-06,,Si
unit_835,1.875000e-05,1.625000e-04,6.250000e-06,6.250000e-06,,Si
unit_836,2.500000e-05,1.625000e-04,6.250000e-06,6.250000e-06,,Si
unit_837,3.125000e-05,1.625000e-04,6.250000e-06,6.250000e-06,,Si
unit_838,3.750000e-05,1.625000e-04,6.250000e-06,6.250000e-06,,Si
unit_839,4.375000e-05,1.625000e-04,6.250000e-06,6.250000e-06,,Si
unit_840,5.000000e-05,1.625000e-04,6.250000e-06,6.250000e-06,,Si
unit_841,5.625000e-05,1.625000e-04,6.250000e-06,6.250000e-06,,Si
unit_842,6.250000e-05,1.625000e-04,6.250000e-06,6.250000e-06,,Si
unit_843,6.875000e-05,1.625000e-04,6.250000e-06,6.250000e-06,,Si
unit_844,7.500000e-05,1.625000e-04,6.250000e-06,6.250000e-06,,Si
unit_845,8.125000e-05,1.625000e-04,6.250000e-06,6.250000e-06,,Si
unit_846,8.750000e-05,1.625000e-04,6.250000e-06,6.250000e-06,,Si
unit_847,9.375000e-05,1.625000e-04,6.250000e-06,6.250000e-06,,Si
unit_848,1.000000e-04,1.625000e-04,6.250000e-06,6.250000e-06,,Si
unit_849,1.062500e-04,1.625000e-04,6.250000e-06,6.250000e-06,,Si
unit_850,1.125000e-04,1.625000e-04,6.250000e-06,6.250000e-06,,Si
unit_851,1.187500e-04,1.625000e-04,6.250000e-06,6.250000e-06,,Si
unit_852,1.250000e-04,1.625000e-04,6.250000e-06,6.250000e-06,,Si
unit_853,1.312500e-04,1.625000e-04,6.250000e-06,6.250000e-06,,Si
unit_854,1.375000e-04,1.625000e-04,6.250000e-06,6.250000e-06,,Si
unit_855,1.437500e-04,1.625000e-04,6.250000e-06,6.250000e-06,,Si
unit_856,1.500000e-04,1.625000e-04,6.250000e-06,6.250000e-06,,Si
unit_857,1.562500e-04,1.625000e-04,6.250000e-06,6.250000e-06,,Si
unit_858,1.625000e-04,1.625000e-04,6.250000e-06,6.250000e-06,,Si
unit_859,1.687500e-04,1.625000e-04,6.250000e-06,6.250000e-06,,Si
unit_860,1.750000e-04,1.625000e-04,6.250000e-06,6.250000e-06,,Si
unit_861,1.812500e-04,1.625000e-04,6.250000e-06,6.250000e-06,,Si
unit_862,1.875000e-04,1.625000e-04,6.250000e-06,6.250000e-06,,Si
unit_863,1.937500e-04,1.625000e-04,6.250000e-06,6.250000e-06,,Si
unit_864,0.000000e+00,1.687500e-04,6.250000e-06,6.250000e-06,,Si
unit_865,6.250000e-06,1.687500e-04,6.250000e-06,6.250000e-06,,Si
unit_866,1.250000e-05,1.687500e-04,6.250000e-06,6.250000e-06,,Si
unit_867,1.875000e-05,1.687500e-04,6.250000e-06,6.250000e-06,,Si
unit_868,2.500000e-05,1.687500e-04,6.250000e-06,6.250000e-06,,Si
unit_869,3.125000e-05,1.687500e-04,6.250000e-06,6.250000e-06,,Si
unit_870,3.750000e-05,1.687500e-04,6.250000e-06,6.250000e-06,,Si
unit_871,4.375000e-05,1.687500e-04,6.250000e-06,6.250000e-06,,Si
unit_872,5.000000e-05,1.687500e-04,6.250000e-06,6.250000e-06,,Si
unit_873,5.625000e-05,1.687500e-04,6.250000e-06,6.250000e-06,,Si
unit_874,6.250000e-05,1.687500e-04,6.250000e-06,6.250000e-06,,Si
unit_875,6.875000e-05,1.687500e-04,6.250000e-06,6.250000e-06,,Si
unit_876,7.500000e-05,1.687500e-04,6.250000e-06,6.250000e-06,,Si
unit_877,8.125000e-05,1.687500e-04,6.250000e-06,6.250000e-06,,Si
unit_878,8.750000e-05,1.687500e-04,6.250000e-06,6.250000e-06,,Si
unit_879,9.375000e-05,1.687500e-04,6.250000e-06,6.250000e-06,,Si
unit_880,1.000000e-04,1.687500e-04,6.250000e-06,6.250000e-06,,Si
unit_881,1.062500e-04,1.687500e-04,6.250000e-06,6.250000e-06,,Si
unit_882,1.125000e-04,1.687500e-04,6.250000e-06,6.250000e-06,,Si
unit_883,1.187500e-04,1.687500e-04,6.250000e-06,6.250000e-06,,Si
unit_884,1.250000e-04,1.687500e-04,6.250000e-06,6.250000e-06,,Si
unit_885,1.312500e-04,1.687500e-04,6.250000e-06,6.250000e-06,,Si
unit_886,1.375000e-04,1.687500e-04,6.250000e-06,6.250000e-06,,Si
unit_887,1.437500e-04,1.687500e-04,6.250000e-06,6.250000e-06,,Si
unit_888,1.500000e-04,1.687500e-04,6.250000e-06,6.250000e-06,,Si
unit_889,1.562500e-04,1.687500e-04,6.250000e-06,6.250000e-06,,Si
unit_890,1.625000e-04,1.687500e-04,6.250000e-06,6.250000e-06,,Si
unit_891,1.687500e-04,1.687500e-04,6.250000e-06,6.250000e-06,,Si
unit_892,1.750000e-04,1.687500e-04,6.250000e-06,6.250000e-06,,Si
unit_893,1.812500e-04,1.687500e-04,6.250000e-06,6.250000e-06,,Si
unit_894,1.875000e-04,1.687500e-04,6.250000e-06,6.250000e-06,,Si
unit_895,1.937500e-04,1.687500e-04,6.250000e-06,6.250000e-06,,Si
unit_896,0.000000e+00,1.750000e-04,6.250000e-06,6.250000e-06,,Si
unit_897,6.250000e-06,1.750000e-04,6.250000e-06,6.250000e-06,,Si
unit_898,1.250000e-05,1.750000e-04,6.250000e-06,6.250000e-06,,Si
unit_899,1.875000e-05,1.750000e-04,6.250000e-06,6.250000e-06,,Si
unit_900,2.500000e-05,1.750000e-04,6.250000e-06,6.250000e-06,,Si
unit_901,3.125000e-05,1.750000e-04,6.250000e-06,6.250000e-06,,Si
unit_902,3.750000e-05,1.750000e-04,6.250000e-06,6.250000e-06,,Si
unit_903,4.375000e-05,1.750000e-04,6.250000e-06,6.250000e-06,,Si
unit_904,5.000000e-05,1.750000e-04,6.250000e-06,6.250000e-06,,Si
unit_905,5.625000e-05,1.750000e-04,6.250000e-06,6.250000e-06,,Si
unit_906,6.250000e-05,1.750000e-04,6.250000e-06,6.250000e-06,,Si
unit_907,6.875000e-05,1.750000e-04,6.250000e-06,6.250000e-06,,Si
unit_908,7.500000e-05,1.750000e-04,6.250000e-06,6.250000e-06,,Si
unit_909,8.125000e-05,1.750000e-04,6.250000e-06,6.250000e-06,,Si
unit_910,8.750000e-05,1.750000e-04,6.250000e-06,6.250000e-06,,Si
unit_911,9.375000e-05,1.750000e-04,6.250000e-06,6.250000e-06,,Si
unit_912,1.000000e-04,1.750000e-04,6.250000e-06,6.250000e-06,,Si
unit_913,1.062500e-04,1.750000e-04,6.250000e-06,6.250000e-06,,Si
unit_914,1.125000e-04,1.750000e-04,6.250000e-06,6.250000e-06,,Si
unit_915,1.187500e-04,1.750000e-04,6.250000e-06,6.250000e-06,,Si
unit_916,1.250000e-04,1.750000e-04,6.250000e-06,6.250000e-06,,Si
unit_917,1.312500e-04,1.750000e-04,6.250000e-06,6.250000e-06,,Si
unit_918,1.375000e-04,1.750000e-04,6.250000e-06,6.250000e-06,,Si
unit_919,1.437500e-04,1.750000e-04,6.250000e-06,6.250000e-06,,Si
unit_920,1.500000e-04,1.750000e-04,6.250000e-06,6.250000e-06,,Si
unit_921,1.562500e-04,1.750000e-04,6.250000e-06,6.250000e-06,,Si
unit_922,1.625000e-04,1.750000e-04,6.250000e-06,6.250000e-06,,Si
unit_923,1.687500e-04,1.750000e-04,6.250000e-06,6.250000e-06,,Si
unit_924,1.750000e-04,1.750000e-04,6.250000e-06,6.250000e-06,,Si
unit_925,1.812500e-04,1.750000e-04,6.250000e-06,6.250000e-06,,Si
unit_926,1.875000e-04,1.750000e-04,6.250000e-06,6.250000e-06,,Si
unit_927,1.937500e-04,1.750000e-04,6.250000e-06,6.250000e-06,,Si
unit_928,0.000000e+00,1.812500e-04,6.250000e-06,6.250000e-06,,Si
unit_929,6.250000e-06,1.812500e-04,6.250000e-06,6.250000e-06,,Si
unit_930,1.250000e-05,1.812500e-04,6.250000e-06,6.250000e-06,,Si
unit_931,1.875000e-05,1.812500e-04,6.250000e-06,6.250000e-06,,Si
unit_932,2.500000e-05,1.812500e-04,6.250000e-06,6.250000e-06,,Si
unit_933,3.125000e-05,1.812500e-04,6.250000e-06,6.250000e-06,,Si
unit_934,3.750000e-05,1.812500e-04,6.250000e-06,6.250000e-06,,Si
unit_935,4.375000e-05,1.812500e-04,6.250000e-06,6.250000e-06,,Si
unit_936,5.000000e-05,1.812500e-04,6.250000e-06,6.250000e-06,,Si
unit_937,5.625000e-05,1.812500e-04,6.250000e-06,6.250000e-06,,Si
unit_938,6.250000e-05,1.812500e-04,6.250000e-06,6.250000e-06,,Si
unit_939,6.875000e-05,1.812500e-04,6.250000e-06,6.250000e-06,,Si
unit_940,7.500000e-05,1.812500e-04,6.250000e-06,6.250000e-06,,Si
unit_941,8.125000e-05,1.812500e-04,6.250000e-06,6.250000e-06,,Si
unit_942,8.750000e-05,1.812500e-04,6.250000e-06,6.250000e-06,,Si
unit_943,9.375000e-05,1.812500e-04,6.250000e-06,6.250000e-06,,Si
unit_944,1.000000e-04,1.812500e-04,6.250000e-06,6.250000e-06,,Si
unit_945,1.062500e-04,1.812500e-04,6.250000e-06,6.250000e-06,,Si
unit_946,1.125000e-04,1.812500e-04,6.250000e-06,6.250000e-06,,Si
unit_947,1.187500e-04,1.812500e-04,6.250000e-06,6.250000e-06,,Si
unit_948,1.250000e-04,1.812500e-04,6.250000e-06,6.250000e-06,,Si
unit_949,1.312500e-04,1.812500e-04,6.250000e-06,6.250000e-06,,Si
unit_950,1.375000e-04,1.812500e-04,6.250000e-06,6.250000e-06,,Si
unit_951,1.437500e-04,1.812500e-04,6.250000e-06,6.250000e-06,,Si
unit_952,1.500000e-04,1.812500e-04,6.250000e-06,6.250000e-06,,Si
unit_953,1.562500e-04,1.812500e-04,6.250000e-06,6.250000e-06,,Si
unit_954,1.625000e-04,1.812500e-04,6.250000e-06,6.250000e-06,,Si
unit_955,1.687500e-04,1.812500e-04,6.250000e-06,6.250000e-06,,Si
unit_956,1.750000e-04,1.812500e-04,6.250000e-06,6.250000e-06,,Si
unit_957,1.812500e-04,1.812500e-04,6.250000e-06,6.250000e-06,,Si
unit_958,1.875000e-04,1.812500e-04,6.250000e-06,6.250000e-06,,Si
unit_959,1.937500e-04,1.812500e-04,6.250000e-06,6.250000e-06,,Si
unit_960,0.000000e+00,1.875000e-04,6.250000e-06,6.250000e-06,,Si
unit_961,6.250000e-06,1.875000e-04,6.250000e-06,6.250000e-06,,Si
unit_962,1.250000e-05,1.875000e-04,6.250000e-06,6.250000e-06,,Si
unit_963,1.875000e-05,1.875000e-04,6.250000e-06,6.250000e-06,,Si
unit_964,2.500000e-05,1.875000e-04,6.250000e-06,6.250000e-06,,Si
unit_965,3.125000e-05,1.875000e-04,6.250000e-06,6.250000e-06,,Si
unit_966,3.750000e-05,1.875000e-04,6.250000e-06,6.250000e-06,,Si
unit_967,4.375000e-05,1.875000e-04,6.250000e-06,6.250000e-06,,Si
unit_968,5.000000e-05,1.875000e-04,6.250000e-06,6.250000e-06,,Si
unit_969,5.625000e-05,1.875000e-04,6.250000e-06,6.250000e-06,,Si
unit_970,6.250000e-05,1.875000e-04,6.250000e-06,6.250000e-06,,Si
unit_971,6.875000e-05,1.875000e-04,6.250000e-06,6.250000e-06,,Si
unit_972,7.500000e-05,1.875000e-04,6.250000e-06,6.250000e-06,,Si
unit_973,8.125000e-05,1.875000e-04,6.250000e-06,6.250000e-06,,Si
unit_974,8.750000e-05,1.875000e-04,6.250000e-06,6.250000e-06,,Si
unit_975,9.375000e-05,1.875000e-04,6.250000e-06,6.250000e-06,,Si
unit_976,1.000000e-04,1.875000e-04,6.250000e-06,6.250000e-06,,Si
unit_977,1.062500e-04,1.875000e-04,6.250000e-06,6.250000e-06,,Si
unit_978,1.125000e-04,1.875000e-04,6.250000e-06,6.250000e-06,,Si
unit_979,1.187500e-04,1.875000e-04,6.250000e-06,6.250000e-06,,Si
unit_980,1.250000e-04,1.875000e-04,6.250000e-06,6.250000e-06,,Si
unit_981,1.312500e-04,1.875000e-04,6.250000e-06,6.250000e-06,,Si
unit_982,1.375000e-04,1.875000e-04,6.250000e-06,6.250000e-06,,Si
unit_983,1.437500e-04,1.875000e-04,6.250000e-06,6.250000e-06,,Si
unit_984,1.500000e-04,1.875000e-04,6.250000e-06,6.250000e-06,,Si
unit_985,1.562500e-04,1.875000e-04,6.250000e-06,6.250000e-06,,Si
unit_986,1.625000e-04,1.875000e-04,6.250000e-06,6.250000e-06,,Si
unit_987,1.687500e-04,1.875000e-04,6.250000e-06,6.250000e-06,,Si
unit_988,1.750000e-04,1.875000e-04,6.250000e-06,6.250000e-06,,Si
unit_989,1.812500e-04,1.875000e-04,6.250000e-06,6.250000e-06,,Si
unit_990,1.875000e-04,1.875000e-04,6.250000e-06,6.250000e-06,,Si
unit_991,1.937500e-04,1.875000e-04,6.250000e-06,6.250000e-06,,Si
unit_992,0.000000e+00,1.937500e-04,6.250000e-06,6.250000e-06,,Si
unit_993,6.250000e-06,1.937500e-04,6.250000e-06,6.250000e-06,,Si
unit_994,1.250000e-05,1.937500e-04,6.250000e-06,6.250000e-06,,Si
unit_995,1.875000e-05,1.937500e-04,6.250000e-06,6.250000e-06,,Si
unit_996,2.500000e-05,1.937500e-04,6.250000e-06,6.250000e-06,,Si
unit_997,3.125000e-05,1.937500e-04,6.250000e-06,6.250000e-06,,Si
unit_998,3.750000e-05,1.937500e-04,6.250000e-06,6.250000e-06,,Si
unit_999,4.375000e-05,1.937500e-04,6.250000e-06,6.250000e-06,,Si
unit_1000,5.000000e-05,1.937500e-04,6.250000e-06,6.250000e-06,,Si
unit_1001,5.625000e-05,1.937500e-04,6.250000e-06,6.250000e-06,,Si
unit_1002,6.250000e-05,1.937500e-04,6.250000e-06,6.250000e-06,,Si
unit_1003,6.875000e-05,1.937500e-04,6.250000e-06,6.250000e-06,,Si
unit_1004,7.500000e-05,1.937500e-04,6.250000e-06,6.250000e-06,,Si
unit_1005,8.125000e-05,1.937500e-04,6.250000e-06,6.250000e-06,,Si
unit_1006,8.750000e-05,1.937500e-04,6.250000e-06,6.250000e-06,,Si
unit_1007,9.375000e-05,1.937500e-04,6.250000e-06,6.250000e-06,,Si
unit_1008,1.000000e-04,1.937500e-04,6.250000e-06,6.250000e-06,,Si
unit_1009,1.062500e-04,1.937500e-04,6.250000e-06,6.250000e-06,,Si
unit_1010,1.125000e-04,1.937500e-04,6.250000e-06,6.250000e-06,,Si
unit_1011,1.187500e-04,1.937500e-04,6.250000e-06,6.250000e-06,,Si
unit_1012,1.250000e-04,1.937500e-04,6.250000e-06,6.250000e-06,,Si
unit_1013,1.312500e-04,1.937500e-04,6.250000e-06,6.250000e-06,,Si
unit_1014,1.375000e-04,1.937500e-04,6.250000e-06,6.250000e-06,,Si
unit_1015,1.437500e-04,1.937500e-04,6.250000e-06,6.250000e-06,,Si
unit_1016,1.500000e-04,1.937500e-04,6.250000e-06,6.250000e-06,,Si
unit_1017,1.562500e-04,1.937500e-04,6.250000e-06,6.250000e-06,,Si
unit_1018,1.625000e-04,1.937500e-04,6.250000e-06,6.250000e-06,,Si
unit_1019,1.687500e-04,1.937500e-04,6.250000e-06,6.250000e-06,,Si
unit_1020,1.750000e-04,1.937500e-04,6.250000e-06,6.250000e-06,,Si
unit_1021,1.812500e-04,1.937500e-04,6.250000e-06,6.250000e-06,,Si
unit_1022,1.875000e-04,1.937500e-04,6.250000e-06,6.250000e-06,,Si
unit_1023,1.937500e-04,1.937500e-04,6.250000e-06,6.250000e-06,,Si
