303.05283,298.82318,298.70312,298.40222,298.40222,298.40222,298.40222,298.40222,298.40222,298.40222,298.40222,298.40222,298.40222,298.40222,298.40222,298.40225,298.40225,298.40225,298.40225,298.40225,298.40222,298.40222,298.40222,298.40222,298.40222,298.40222,298.40222,298.40222,298.40222,298.41446,299.01456,302.6506
298.58002,298.15,298.15,298.15,298.15,298.15,298.15,298.15,298.15,298.15,298.15,298.15,298.15,298.15,298.15,298.15,298.15,298.15,298.15,298.15,298.15,298.15,298.15,298.15,298.15,298.15,298.15,298.15,298.15,298.15,298.15,298.9674
299.32858,298.15,298.3667,298.15,298.15,298.15,298.15,298.15,298.15,298.15,298.15,298.15,298.15,298.15,298.15,298.15,298.15,298.15,298.15,298.15,298.15,298.15,298.15,298.15,298.15,298.15,298.15,298.15,298.15,298.15,298.52457,299.42038
298.99994,298.15,298.15,298.15,298.15,298.15,298.15,298.15,298.15,298.15,298.15,298.15,298.15,298.15,298.15,298.15,298.15,298.15,298.15,298.15,298.15,298.15,298.15,298.15,298.15,298.15,298.15,298.15,298.15,298.15,298.32114,299.28217
298.99994,298.15,298.15,298.15,298.15,298.15,298.15,298.15,298.15,298.15,298.15,298.15,298.15,298.15,298.15,298.15,298.15,298.15,298.15,298.15,298.15,298.15,298.15,298.15,298.15,298.15,298.15,298.15,298.15,298.15,298.32114,299.28217
298.99994,298.15,298.15,298.15,298.15,298.15,298.15,298.15,298.15,298.15,298.15,298.15,298.15,298.15,298.15,298.15,298.15,298.15,298.15,298.15,298.15,298.15,298.15,298.15,298.15,298.15,298.15,298.15,298.15,298.15,298.32117,299.28217
298.99994,298.15,298.15,298.15,298.15,298.15,298.15,298.15,298.15,298.15,298.15,298.15,298.15,298.15,298.15,298.15,298.15,298.15,298.15,298.15,298.15,298.15,298.15,298.15,298.15,298.15,298.15,298.15,298.15,298.15,298.32117,299.28217
298.99994,298.15,298.15,298.15,298.15,298.15,298.15,298.15,298.15,298.15,298.15,298.15,298.15,298.15,298.15,298.15,298.15,298.15,298.15,298.15,298.15,298.15,298.15,298.15,298.15,298.15,298.15,298.15,298.15,298.15,298.32117,299.28217
298.99994,298.15,298.15,298.15,298.15,298.15,298.15,298.15,298.15,298.15,298.15,298.15,298.15,298.15,298.15,298.15,298.15,298.15,298.15,298.15,298.15,298.15,298.15,298.15,298.15,298.15,298.15,298.15,298.15,298.15,298.32117,299.28217
298.99994,298.15,298.15,298.15,298.15,298.15,298.15,298.15,298.15,298.15,298.15,298.15,298.15,298.15,298.15,298.15,298.15,298.15,298.15,298.15,298.15,298.15,298.15,298.15,298.15,298.15,298.15,298.15,298.15,298.15,298.32123,299.2822
298.99994,298.15,298.15,298.15,298.15,298.15,298.15,298.15,298.15,298.15,298.15,298.15,298.15,298.15,298.15,298.15,298.15,298.15,298.15,298.15,298.15,298.15,298.15,298.15,298.15,298.15,298.15,298.15,298.15,298.15,298.32126,299.2822
298.99994,298.15,298.15,298.15,298.15,298.15,298.15,298.15,298.15,298.15,298.15,298.15,298.15,298.15,298.15,298.15,298.15,298.15,298.15,298.15,298.15,298.15,298.15,298.15,298.15,298.15,298.15,298.15,298.15,298.15,298.32135,299.2822
298.99994,298.15,298.15,298.15,298.15,298.15,298.15,298.15,298.15,298.15,298.15,298.15,298.15,298.15,298.15,298.15,298.15,298.15,298.15,298.15,298.15,298.15,298.15,298.15,298.15,298.15,298.15,298.15,298.15,298.15,298.3214,299.28223
298.99994,298.15,298.15,298.15,298.15,298.15,298.15,298.15,298.15,298.15,298.15,298.15,298.15,298.15,298.15,298.15,298.15,298.15,298.15,298.15,298.15,298.15,298.15,298.15,298.15,298.15,298.15,298.15,298.15,298.15,298.32147,299.28223
298.99997,298.15,298.15,298.15,298.15,298.15,298.15,298.15,298.15,298.15,298.15,298.15,298.15,298.15,298.15,298.15,298.15,298.15,298.15,298.15,298.15,298.15,298.15,298.15,298.15,298.15,298.15,298.15,298.15,298.15,298.3215,299.28226
298.99997,298.15,298.15,298.15,298.15,298.15,298.15,298.15,298.15,298.15,298.15,298.15,298.15,298.15,298.15,298.15,298.15,298.15,298.15,298.15,298.15,298.15,298.15,298.15,298.15,298.15,298.15,298.15,298.15,298.15,298.3215,299.28226
298.99997,298.15,298.15,298.15,298.15,298.15,298.15,298.15,298.15,298.15,298.15,298.15,298.15,298.15,298.15,298.15,298.15,298.15,298.15,298.15,298.15,298.15,298.15,298.15,298.15,298.15,298.15,298.15,298.15,298.15,298.32147,299.28223
298.99997,298.15,298.15,298.15,298.15,298.15,298.15,298.15,298.15,298.15,298.15,298.15,298.15,298.15,298.15,298.15,298.15,298.15,298.15,298.15,298.15,298.15,298.15,298.15,298.15,298.15,298.15,298.15,298.15,298.15,298.3214,299.28223
298.99997,298.15,298.15,298.15,298.15,298.15,298.15,298.15,298.15,298.15,298.15,298.15,298.15,298.15,298.15,298.15,298.15,298.15,298.15,298.15,298.15,298.15,298.15,298.15,298.15,298.15,298.15,298.15,298.15,298.15,298.32135,299.2822
298.99997,298.15,298.15,298.15,298.15,298.15,298.15,298.15,298.15,298.15,298.15,298.15,298.15,298.15,298.15,298.15,298.15,298.15,298.15,298.15,298.15,298.15,298.15,298.15,298.15,298.15,298.15,298.15,298.15,298.15,298.3213,299.2822
298.99994,298.15,298.15,298.15,298.15,298.15,298.15,298.15,298.15,298.15,298.15,298.15,298.15,298.15,298.15,298.15,298.15,298.15,298.15,298.15,298.15,298.15,298.15,298.15,298.15,298.15,298.15,298.15,298.15,298.15,298.32126,299.2822
298.99994,298.15,298.15,298.15,298.15,298.15,298.15,298.15,298.15,298.15,298.15,298.15,298.15,298.15,298.15,298.15,298.15,298.15,298.15,298.15,298.15,298.15,298.15,298.15,298.15,298.15,298.15,298.15,298.15,298.15,298.32123,299.28217
298.99994,298.15,298.15,298.15,298.15,298.15,298.15,298.15,298.15,298.15,298.15,298.15,298.15,298.15,298.15,298.15,298.15,298.15,298.15,298.15,298.15,298.15,298.15,298.15,298.15,298.15,298.15,298.15,298.15,298.15,298.3212,299.28217
298.99994,298.15,298.15,298.15,298.15,298.15,298.15,298.15,298.15,298.15,298.15,298.15,298.15,298.15,298.15,298.15,298.15,298.15,298.15,298.15,298.15,298.15,298.15,298.15,298.15,298.15,298.15,298.15,298.15,298.15,298.32117,299.28217
298.99994,298.15,298.15,298.15,298.15,298.15,298.15,298.15,298.15,298.15,298.15,298.15,298.15,298.15,298.15,298.15,298.15,298.15,298.15,298.15,298.15,298.15,298.15,298.15,298.15,298.15,298.15,298.15,298.15,298.15,298.32117,299.28217
298.99994,298.15,298.15,298.15,298.15,298.15,298.15,298.15,298.15,298.15,298.15,298.15,298.15,298.15,298.15,298.15,298.15,298.15,298.15,298.15,298.15,298.15,298.15,298.15,298.15,298.15,298.15,298.15,298.15,298.15,298.32117,299.28217
298.99994,298.15,298.15,298.15,298.15,298.15,298.15,298.15,298.15,298.15,298.15,298.15,298.15,298.15,298.15,298.15,298.15,298.15,298.15,298.15,298.15,298.15,298.15,298.15,298.15,298.15,298.15,298.15,298.15,298.15,298.32117,299.28217
298.99994,298.15,298.15,298.15,298.15,298.15,298.15,298.15,298.15,298.15,298.15,298.15,298.15,298.15,298.15,298.15,298.15,298.15,298.15,298.15,298.15,298.15,298.15,298.15,298.15,298.15,298.15,298.15,298.15,298.15,298.32114,299.28217
298.99994,298.15,298.15,298.15,298.15,298.15,298.15,298.15,298.15,298.15,298.15,298.15,298.15,298.15,298.15,298.15,298.15,298.15,298.15,298.15,298.15,298.15,298.15,298.15,298.15,298.15,298.15,298.15,298.15,298.15,298.32114,299.28217
299.05566,298.15,298.15,298.15,298.15,298.15,298.15,298.15,298.15,298.15,298.15,298.15,298.15,298.15,298.15,298.15,298.15,298.15,298.15,298.15,298.15,298.15,298.15,298.15,298.15,298.15,298.15,298.15,298.15,298.15,298.38428,299.31552
299.44238,298.22992,298.78204,298.7082,298.7082,298.7082,298.7082,298.7082,298.70822,298.70828,298.70837,298.7085,298.70862,298.70874,298.70886,298.7089,298.70886,298.7088,298.70868,298.70856,298.70844,298.70834,298.70828,298.70822,298.7082,298.7082,298.7082,298.7082,298.7082,298.81555,299.58154,300.8864
303.2843,299.6214,299.4797,299.43005,299.43005,299.43005,299.43005,299.43005,299.43008,299.43008,299.4301,299.4301,299.43015,299.43018,299.4302,299.43024,299.43024,299.4302,299.43018,299.43015,299.4301,299.4301,299.43008,299.43008,299.43005,299.43005,299.43005,299.43005,299.43005,299.5058,301.1328,304.50336
